﻿Number,Name,Risk Metric,Damage scale,Filename,Reference,DOI,Information,Comments
1,Antonecchi,economic loss,EMS 98,Antoncecchi_et_al_2020_COST_Tabella_L6_3_consequence.csv,Antoncecchi et al. 2020,http://dx.doi.org/10.5281/zenodo.3732887,PROGETTO SPOT - SISMICITÀ POTENZIALMENTE INNESCABILE OFFSHORE E TSUNAMI,Table L6-3 economic loss as a function of building damage
2,Di Pasquale,economic loss,MCS,Di_Pasquale_2005_Table_III.csv,Di Pasquale et al. 2005,http://dx.doi.org/10.1007/s10518-005-0202-1,-,Table III
3,Antonecchi,victims,EMS98,Antoncecchi_et_al_2020_Tabella_L6_2.csv,Antoncecchi et al. 2020,http://dx.doi.org/10.5281/zenodo.3732887,-,Table L6-2 victims
3,Antonecchi,casualties,EMS98,Antoncecchi_et_al_2020_Tabella_L6_2.csv,Antoncecchi et al. 2020,http://dx.doi.org/10.5281/zenodo.3732887,-,Table L6-2 casualties 
4,Goda,economic loss,Modified MLIT,Goda_et_al_2021_p_7.csv,"Goda, K., De Risi, R., De Luca, F., Muhammad, A., Yasuda, T., & Mori, N. (2021). Multi-hazard earthquake-tsunami loss estimation of Kuroshio Town, Kochi Prefecture, Japan considering the Nankai-Tonankai megathrust rupture scenarios. International Journal of Disaster Risk Reduction, 54, 102050.",https://doi.org/10.1016/j.ijdrr.2021.102050,-,-
5,Asprone et al. 2013,economic loss,,Asprone_et_al_2013_Equation_1.csv,"Asprone, D., Jalayer, F., Simonelli, S., Acconcia, A., Prota, A., & Manfredi, G. (2013). Seismic insurance model for the Italian residential building stock. Structural safety, 44, 70-79",https://doi.org/10.1016/j.strusafe.2013.06.001,-,Equation 1
6,Dolce et al. 2006,economic loss,EMS 98,Dolce_et_al_2006_Talbe_6_Assumption_A.csv,"Dolce, M., Kappos, A., Masi, A., Penelis, G., & Vona, M. (2006). Vulnerability assessment and earthquake damage scenarios of the building stock of Potenza (Southern Italy) using Italian and Greek methodologies. Engineering Structures, 28(3), 357-371.",https://doi.org/10.1016/j.engstruct.2005.08.009,-,Table 6 Assumption A
