﻿Number,Name,Reference,DOI,Number of damage levels,Information,Comments
1,Reese ,Reese et al. 2011,https://doi.org/10.1016/j.earscirev.2011.01.009 ,6 (D0 to D5),Damage scale used to classify residential masonry field survey data,The damagage scale is presented in Table 4 of Reese et al. 2011.
2,EMS 98 Masonry,Grünthal 1998,https://doi.org/10.2312/EMS-98.full.en,6 (D0 to D5),European Macroseismic Scale 1998 EMS-98,Damage scale for masonry buildings (p. 15).
3,EMS 98 RC,Grünthal 1998,https://doi.org/10.2312/EMS-98.full.en,6 (D0 to D5),European Macroseismic Scale 1998 EMS-98,Damage scale for reinforced concrete buildings (p. 16).
4,Modified MLIT,De Risi et al. 2017a,https://doi.org/10.1007/s00477-016-1230-x,7 (D0 to D6),Fused DS6 and DS7 of the MLIT damage scale into a single DS6&7,Described in Section 3.1 (p. 1257-1258) of De Risi et al. 2017a.
5,Paulik ,Paulik et al. 2019,https://doi.org/10.1007/s00024-019-02254-9,4 (D0 to D3),Scale for damage after the 2018 Sulawesi earthquake (Mw 7.5) and tsunami,The damagage scale is presented in Table 1 of Paulik et al. 2019.
