D1,,,,parameters of the mean fragility,,,D2,,,,parameters of the mean fragility,,
flow depth [m],mean-1sigma fragility,mean fragility,mean+1sigma fragility,median,logarithmic standard deviation,epistemic uncertainty,flow depth [m],mean-1sigma fragility,mean fragility,mean+1sigma fragility,median,logarithmic standard deviation,epistemic uncertainty
0.000001,0,7.55254E-19,2.27366E-17,0.568309575,0.309445731,0.036525636,0.000001,0,0,0,2.570978313,0.633938434,0.027379491
0.01,0,4.55658E-07,1.59302E-06,,,,0.01,0,1.19821E-11,4.8034E-11,,,
0.02,0,4.4854E-06,1.29027E-05,,,,0.02,0,4.12273E-10,1.32979E-09,,,
0.03,0,1.7538E-05,4.51802E-05,,,,0.03,0,3.36025E-09,9.58725E-09,,,
0.04,0,4.67186E-05,0.000111452,,,,0.04,0,1.50904E-08,3.95548E-08,,,
0.05,0,0.000100632,0.000226307,,,,0.05,0,4.87698E-08,1.19837E-07,,,
0.06,0,0.000189302,0.00040575,,,,0.06,0,1.27853E-07,2.98192E-07,,,
0.07,0,0.000324122,0.00066709,,,,0.07,0,2.89903E-07,6.47185E-07,,,
0.08,6.787E-06,0.000517818,0.001028848,,,,0.08,0,5.90847E-07,1.27017E-06,,,
0.09,5.81609E-05,0.000784418,0.001510676,,,,0.09,0,1.10966E-06,2.30754E-06,,,
0.1,0.00014518,0.00113923,0.002133281,,,,0.1,0,1.95344E-06,3.94332E-06,,,
0.11,0.000279269,0.001598812,0.002918354,,,,0.11,1.13889E-07,3.26288E-06,6.41187E-06,,,
0.12,0.000473394,0.002180945,0.003888496,,,,0.12,4.3125E-07,5.21803E-06,1.00048E-05,,,
0.13,0.000742075,0.002904608,0.005067141,,,,0.13,1.01084E-06,8.04452E-06,1.50782E-05,,,
0.14,0.0011014,0.003789941,0.006478482,,,,0.14,1.98026E-06,1.20199E-05,2.20596E-05,,,
0.15,0.001569032,0.004858206,0.00814738,,,,0.15,3.50567E-06,1.74805E-05,3.14553E-05,,,
0.16,0.002164209,0.006131746,0.010099283,,,,0.16,5.79848E-06,2.4828E-05,4.38575E-05,,,
0.17,0.002907737,0.007633931,0.012360126,,,,0.17,9.12236E-06,3.4537E-05,5.99516E-05,,,
0.18,0.003821972,0.0093891,0.014956227,,,,0.18,1.38007E-05,4.71619E-05,8.0523E-05,,,
0.19,0.004930799,0.011422489,0.017914178,,,,0.19,2.02245E-05,6.33441E-05,0.000106464,,,
0.2,0.006259592,0.013760158,0.021260723,,,,0.2,2.88601E-05,8.38195E-05,0.000138779,,,
0.21,0.007835164,0.016428899,0.025022633,,,,0.21,4.02578E-05,0.000109425,0.000178593,,,
0.22,0.009685709,0.019456136,0.029226563,,,,0.22,5.50599E-05,0.000141108,0.000227155,,,
0.23,0.011840717,0.022869812,0.033898908,,,,0.23,7.40092E-05,0.000179927,0.000285845,,,
0.24,0.014330882,0.026698264,0.039065647,,,,0.24,9.79569E-05,0.000227065,0.000356174,,,
0.25,0.017187988,0.030970082,0.044752177,,,,0.25,0.000127871,0.000283832,0.000439793,,,
0.26,0.020444775,0.035713955,0.050983134,,,,0.26,0.000164844,0.000351668,0.000538493,,,
0.27,0.024134781,0.0409585,0.057782219,,,,0.27,0.000210099,0.000432151,0.000654203,,,
0.28,0.028292169,0.046732084,0.065171998,,,,0.28,0.000264996,0.000526998,0.000788999,,,
0.29,0.032951518,0.053062616,0.073173713,,,,0.29,0.00033104,0.000638067,0.000945094,,,
0.3,0.038147604,0.059977338,0.081807073,,,,0.3,0.00040988,0.00076736,0.00112484,,,
0.31,0.043915141,0.067502595,0.09109005,,,,0.31,0.000503315,0.00091702,0.001330725,,,
0.32,0.050288504,0.075663586,0.101038668,,,,0.32,0.000613296,0.001089331,0.001565366,,,
0.33,0.057301426,0.084484109,0.111666793,,,,0.33,0.000741924,0.001286713,0.001831501,,,
0.34,0.064986661,0.093986291,0.122985922,,,,0.34,0.000891446,0.001511715,0.002131983,,,
0.35,0.073375632,0.104190305,0.135004978,,,,0.35,0.00106425,0.001767008,0.002469767,,,
0.36,0.082498044,0.115114076,0.147730107,,,,0.36,0.00126286,0.002055378,0.002847897,,,
0.37,0.092381487,0.126772987,0.161164487,,,,0.37,0.001489922,0.002379708,0.003269494,,,
0.38,0.103051002,0.139179573,0.175308144,,,,0.38,0.001748195,0.002742965,0.003737735,,,
0.39,0.11452865,0.15234322,0.19015779,,,,0.39,0.002040527,0.003148183,0.004255838,,,
0.4,0.126833053,0.166269859,0.205706665,,,,0.4,0.002369845,0.003598442,0.004827039,,,
0.41,0.139978935,0.180961672,0.221944409,,,,0.41,0.002739124,0.004096847,0.00545457,,,
0.42,0.15397666,0.196416809,0.238856958,,,,0.42,0.003151364,0.004646498,0.006141632,,,
0.43,0.168831775,0.212629114,0.256426453,,,,0.43,0.003609563,0.005250466,0.006891369,,,
0.44,0.184544566,0.22958788,0.274631195,,,,0.44,0.004116683,0.005911761,0.00770684,,,
0.45,0.201109637,0.247277624,0.293445612,,,,0.45,0.004675614,0.0066333,0.008590986,,,
0.46,0.21851552,0.265677897,0.312840275,,,,0.46,0.005289145,0.007417872,0.009546599,,,
0.47,0.236744329,0.284763132,0.332781935,,,,0.47,0.005959915,0.0082681,0.010576285,,,
0.48,0.255771463,0.304502534,0.353233605,,,,0.48,0.006690387,0.009186409,0.011682431,,,
0.49,0.275565379,0.324860022,0.374154664,,,,0.49,0.007482799,0.010174984,0.012867169,,,
0.5,0.296087447,0.345794228,0.39550101,,,,0.5,0.008339131,0.011235733,0.014132336,,,
0.51,0.317291881,0.367258555,0.417225229,,,,0.51,0.00926107,0.012370253,0.015479436,,,
0.52,0.339125793,0.389201301,0.439276809,,,,0.52,0.010249971,0.013579789,0.016909608,,,
0.53,0.361529345,0.411565855,0.461602366,,,,0.53,0.01130683,0.014865206,0.018423583,,,
0.54,0.384436037,0.434290969,0.4841459,,,,0.54,0.012432257,0.016226954,0.020021652,,,
0.55,0.407773127,0.457311096,0.506849065,,,,0.55,0.013626453,0.017665044,0.021703636,,,
0.56,0.431462193,0.48055682,0.529651447,,,,0.56,0.014889196,0.019179024,0.023468853,,,
0.57,0.455419841,0.503955346,0.55249085,,,,0.57,0.01621983,0.020767964,0.025316098,,,
0.58,0.47955856,0.527431073,0.575303587,,,,0.58,0.01761726,0.022430441,0.027243623,,,
0.59,0.503787712,0.550906237,0.598024761,,,,0.59,0.019079961,0.024164542,0.029249123,,,
0.6,0.528014654,0.574301606,0.620588558,,,,0.6,0.020605983,0.025967861,0.031329739,,,
0.61,0.552145958,0.597537245,0.642928531,,,,0.61,0.022192968,0.027837514,0.033482059,,,
0.62,0.576088712,0.620533313,0.664977914,,,,0.62,0.023838179,0.029770157,0.035702136,,,
0.63,0.599751853,0.643210901,0.686669949,,,,0.63,0.025538523,0.031762018,0.037985514,,,
0.64,0.6230475,0.665492886,0.707938273,,,,0.64,0.027290589,0.033808929,0.04032727,,,
0.65,0.645892214,0.687304787,0.72871736,,,,0.65,0.029090688,0.035906372,0.042722057,,,
0.66,0.668208163,0.708575614,0.748943065,,,,0.66,0.030934894,0.038049532,0.045164171,,,
0.67,0.689924105,0.729238682,0.768553259,,,,0.67,0.032819095,0.040233356,0.047647617,,,
0.68,0.710976191,0.749232382,0.787488573,,,,0.68,0.034739037,0.042452614,0.05016619,,,
0.69,0.731308525,0.768500887,0.805693248,,,,0.69,0.036690382,0.044701973,0.052713563,,,
0.7,0.750873496,0.786994775,0.823116054,,,,0.7,0.038668755,0.046976065,0.055283374,,,
0.71,0.769631876,0.804671559,0.839711242,,,,0.71,0.0406698,0.049269562,0.057869324,,,
0.72,0.787552725,0.821496106,0.855439486,,,,0.72,0.04268923,0.05157725,0.060465269,,,
0.73,0.804613117,0.837440932,0.870268747,,,,0.73,0.044722882,0.053894097,0.063065311,,,
0.74,0.820797748,0.852486378,0.884175009,,,,0.74,0.046766761,0.056215323,0.065663885,,,
0.75,0.836098456,0.866620644,0.897142832,,,,0.75,0.048817092,0.058536463,0.068255834,,,
0.76,0.850513692,0.87983969,0.909165687,,,,0.76,0.050870357,0.060853418,0.070836479,,,
0.77,0.864047973,0.89214701,0.920246048,,,,0.77,0.052923338,0.063162504,0.07340167,,,
0.78,0.876711328,0.903553278,0.930395229,,,,0.78,0.054973148,0.06546049,0.075947831,,,
0.79,0.888518767,0.914075878,0.939632989,,,,0.79,0.057017257,0.067744621,0.078471985,,,
0.8,0.899489756,0.923738332,0.947986908,,,,0.8,0.059053514,0.070012639,0.080971763,,,
0.81,0.909647719,0.932569649,0.955491579,,,,0.81,0.061080159,0.072262783,0.083445406,,,
0.82,0.919019548,0.940603599,0.962187651,,,,0.82,0.063095831,0.074493786,0.085891742,,,
0.83,0.927635132,0.947877949,0.968120765,,,,0.83,0.065099558,0.076704861,0.088310165,,,
0.84,0.935526894,0.954433661,0.973340427,,,,0.84,0.067090755,0.078895672,0.090700589,,,
0.85,0.942729331,0.9603141,0.97789887,,,,0.85,0.069069202,0.081066302,0.093063402,,,
0.86,0.949278569,0.965564249,0.981849928,,,,0.86,0.071035018,0.083217217,0.095399415,,,
0.87,0.955211921,0.970229951,0.985247982,,,,0.87,0.072988632,0.085349216,0.097709799,,,
0.88,0.960567461,0.974357219,0.988146977,,,,0.88,0.074930748,0.087463388,0.099996028,,,
0.89,0.965383606,0.977991588,0.990599569,,,,0.89,0.076862302,0.08956106,0.102259817,,,
0.9,0.969698725,0.981177554,0.992656383,,,,0.9,0.078784427,0.091643745,0.104503063,,,
0.91,0.973550765,0.98395809,0.994365414,,,,0.91,0.080698405,0.093713098,0.10672779,,,
0.92,0.976976921,0.986374244,0.995771567,,,,0.92,0.082605628,0.095770864,0.108936101,,,
0.93,0.980013322,0.988464826,0.996916331,,,,0.93,0.084507557,0.097818841,0.111130126,,,
0.94,0.98269477,0.990266173,0.997837576,,,,0.94,0.086405691,0.099858837,0.113311982,,,
0.95,0.985054518,0.991811996,0.998569474,,,,0.95,0.088301528,0.101892637,0.115483746,,,
0.96,0.987124086,0.993133298,0.99914251,,,,0.96,0.090196537,0.103921976,0.117647415,,,
0.97,0.988933127,0.994258357,0.999583587,,,,0.97,0.092092141,0.105948517,0.119804893,,,
0.98,0.990509329,0.995212759,0.999916188,,,,0.98,0.09398969,0.107973828,0.121957967,,,
0.99,0.991878368,0.996019482,1,,,,0.99,0.095890453,0.109999375,0.124108298,,,
1,0.993063885,0.996699016,1,,,,1,0.097795604,0.112026508,0.126257413,,,
1.01,0.994087509,0.997269505,1,,,,1.01,0.099706218,0.114056459,0.128406701,,,
1.02,0.994968898,0.997746913,1,,,,1.02,0.101623268,0.116090341,0.130557413,,,
1.03,0.995725815,0.998145199,1,,,,1.03,0.103547625,0.118129146,0.132710667,,,
1.04,0.996374213,0.998476498,1,,,,1.04,0.105480059,0.120173753,0.134867446,,,
1.05,0.996928342,0.9987513,1,,,,1.05,0.107421247,0.122224932,0.137028616,,,
1.06,0.997400861,0.998978625,1,,,,1.06,0.109371773,0.124283348,0.139194923,,,
1.07,0.997802962,0.999166193,1,,,,1.07,0.111332139,0.126349573,0.141367008,,,
1.08,0.998144488,0.999320576,1,,,,1.08,0.113302769,0.128424092,0.143545415,,,
1.09,0.99843406,0.999447349,1,,,,1.09,0.115284016,0.130507307,0.145730599,,,
1.1,0.998679195,0.999551217,1,,,,1.1,0.117276171,0.132599554,0.147922936,,,
1.11,0.998886418,0.999636138,1,,,,1.11,0.119279467,0.134701101,0.150122734,,,
1.12,0.999061377,0.999705429,1,,,,1.12,0.12129409,0.136812162,0.152330235,,,
1.13,0.999208935,0.999761857,1,,,,1.13,0.123320176,0.138932903,0.15454563,,,
1.14,0.999333272,0.999807727,1,,,,1.14,0.125357827,0.141063443,0.156769059,,,
1.15,0.999437967,0.999844951,1,,,,1.15,0.12740711,0.143203868,0.159000626,,,
1.16,0.999526075,0.999875108,1,,,,1.16,0.12946806,0.145354228,0.161240396,,,
1.17,0.999600195,0.999899504,1,,,,1.17,0.13154069,0.147514547,0.163488404,,,
1.18,0.999662537,0.99991921,1,,,,1.18,0.13362499,0.149684826,0.165744662,,,
1.19,0.999714971,0.999935107,1,,,,1.19,0.13572093,0.151865043,0.168009157,,,
1.2,0.999759079,0.999947914,1,,,,1.2,0.137828465,0.154055162,0.17028186,,,
1.21,0.999796193,0.999958221,1,,,,1.21,0.139947537,0.156255131,0.172562726,,,
1.22,0.999827438,0.999966507,1,,,,1.22,0.142078075,0.158464886,0.174851697,,,
1.23,0.999853759,0.999973162,1,,,,1.23,0.144219999,0.160684352,0.177148704,,,
1.24,0.999875948,0.999978502,1,,,,1.24,0.146373221,0.162913446,0.179453672,,,
1.25,0.99989467,0.999982784,1,,,,1.25,0.148537645,0.165152079,0.181766514,,,
1.26,0.999910483,0.999986215,1,,,,1.26,0.15071317,0.167400155,0.184087141,,,
1.27,0.999923854,0.999988963,1,,,,1.27,0.152899689,0.169657573,0.186415457,,,
1.28,0.999935172,0.999991163,1,,,,1.28,0.155097091,0.171924228,0.188751365,,,
1.29,0.999944764,0.999992923,1,,,,1.29,0.157305263,0.174200012,0.19109476,,,
1.3,0.999952903,0.999994332,1,,,,1.3,0.159524087,0.176484813,0.19344554,,,
1.31,0.999959817,0.999995458,1,,,,1.31,0.161753443,0.17877852,0.195803598,,,
1.32,0.999965699,0.99999636,1,,,,1.32,0.163993209,0.181081017,0.198168825,,,
1.33,0.999970707,0.999997081,1,,,,1.33,0.166243261,0.183392187,0.200541113,,,
1.34,0.999974977,0.999997658,1,,,,1.34,0.168503475,0.185711914,0.202920353,,,
1.35,0.99997862,0.999998119,1,,,,1.35,0.170773723,0.188040078,0.205306433,,,
1.36,0.999981731,0.999998489,1,,,,1.36,0.173053877,0.190376561,0.207699244,,,
1.37,0.999984391,0.999998785,1,,,,1.37,0.17534381,0.192721242,0.210098674,,,
1.38,0.999986665,0.999999022,1,,,,1.38,0.17764339,0.195074001,0.212504613,,,
1.39,0.999988611,0.999999213,1,,,,1.39,0.179952489,0.197434719,0.214916949,,,
1.4,0.999990277,0.999999365,1,,,,1.4,0.182270974,0.199803273,0.217335572,,,
1.41,0.999991704,0.999999488,1,,,,1.41,0.184598715,0.202179544,0.219760373,,,
1.42,0.999992925,0.999999587,1,,,,1.42,0.18693558,0.204563409,0.222191239,,,
1.43,0.999993971,0.999999666,1,,,,1.43,0.189281435,0.206954749,0.224628063,,,
1.44,0.999994867,0.99999973,1,,,,1.44,0.191636148,0.209353441,0.227070734,,,
1.45,0.999995633,0.999999781,1,,,,1.45,0.193999586,0.211759364,0.229519143,,,
1.46,0.999996288,0.999999823,1,,,,1.46,0.196371615,0.214172399,0.231973182,,,
1.47,0.999996848,0.999999856,1,,,,1.47,0.198752102,0.216592422,0.234432743,,,
1.48,0.999997327,0.999999883,1,,,,1.48,0.201140911,0.219019315,0.236897718,,,
1.49,0.999997736,0.999999905,1,,,,1.49,0.20353791,0.221452955,0.239368,,,
1.5,0.999998084,0.999999923,1,,,,1.5,0.205942963,0.223893222,0.241843482,,,
1.51,0.999998382,0.999999937,1,,,,1.51,0.208355936,0.226339997,0.244324058,,,
1.52,0.999998634,0.999999949,1,,,,1.52,0.210776693,0.228793158,0.246809623,,,
1.53,0.999998849,0.999999958,1,,,,1.53,0.2132051,0.231252585,0.249300071,,,
1.54,0.999999031,0.999999966,1,,,,1.54,0.21564102,0.233718159,0.251795298,,,
1.55,0.999999186,0.999999972,1,,,,1.55,0.21808432,0.23618976,0.2542952,,,
1.56,0.999999317,0.999999978,1,,,,1.56,0.220534863,0.238667268,0.256799674,,,
1.57,0.999999429,0.999999982,1,,,,1.57,0.222992513,0.241150564,0.259308616,,,
1.58,0.999999521,0.999999985,1,,,,1.58,0.225457135,0.243639529,0.261821924,,,
1.59,0.999999603,0.999999988,1,,,,1.59,0.227928592,0.246134045,0.264339497,,,
1.6,0.999999668,0.99999999,1,,,,1.6,0.23040675,0.248633991,0.266861233,,,
1.61,0.999999725,0.999999992,1,,,,1.61,0.232891472,0.251139251,0.269387031,,,
1.62,0.999999769,0.999999993,1,,,,1.62,0.235382621,0.253649706,0.271916791,,,
1.63,0.999999811,0.999999995,1,,,,1.63,0.237880063,0.256165239,0.274450415,,,
1.64,0.999999847,0.999999996,1,,,,1.64,0.24038366,0.258685731,0.276987802,,,
1.65,0.999999874,0.999999996,1,,,,1.65,0.242893277,0.261211065,0.279528854,,,
1.66,0.999999891,0.999999997,1,,,,1.66,0.245408777,0.263741126,0.282073474,,,
1.67,0.999999922,0.999999998,1,,,,1.67,0.247930024,0.266275794,0.284621564,,,
1.68,0.999999928,0.999999998,1,,,,1.68,0.250456883,0.268814956,0.287173028,,,
1.69,0.999999943,0.999999998,1,,,,1.69,0.252989217,0.271358493,0.289727769,,,
1.7,0.999999967,0.999999999,1,,,,1.7,0.25552689,0.273906291,0.292285691,,,
1.71,0.999999984,0.999999999,1,,,,1.71,0.258069767,0.276458233,0.2948467,,,
1.72,0.999999989,0.999999999,1,,,,1.72,0.26061771,0.279014206,0.297410701,,,
1.73,0.999999999,0.999999999,0.999999999,,,,1.73,0.263170585,0.281574093,0.299977601,,,
1.74,0.999999985,0.999999999,1,,,,1.74,0.265728256,0.284137781,0.302547305,,,
1.75,0.999999989,1,1,,,,1.75,0.268290587,0.286705154,0.305119722,,,
1.76,1,1,1,,,,1.76,0.270857443,0.289276101,0.307694758,,,
1.77,1,1,1,,,,1.77,0.273428688,0.291850505,0.310272323,,,
1.78,0.999999989,1,1,,,,1.78,0.276004187,0.294428256,0.312852325,,,
1.79,1,1,1,,,,1.79,0.278583806,0.29700924,0.315434673,,,
1.8,1,1,1,,,,1.8,0.281167408,0.299593343,0.318019279,,,
1.81,1,1,1,,,,1.81,0.28375486,0.302180456,0.320606052,,,
1.82,0.999999985,1,1,,,,1.82,0.286346026,0.304770465,0.323194903,,,
1.83,0.999999985,1,1,,,,1.83,0.288940773,0.307363259,0.325785745,,,
1.84,1,1,1,,,,1.84,0.291538967,0.309958728,0.32837849,,,
1.85,1,1,1,,,,1.85,0.294140473,0.312556761,0.330973049,,,
1.86,0.999999989,1,1,,,,1.86,0.296745158,0.315157248,0.333569338,,,
1.87,1,1,1,,,,1.87,0.299352888,0.317760079,0.336167269,,,
1.88,1,1,1,,,,1.88,0.301963531,0.320365145,0.338766758,,,
1.89,1,1,1,,,,1.89,0.304576954,0.322972336,0.341367718,,,
1.9,0.999999982,1,1,,,,1.9,0.307193024,0.325581545,0.343970067,,,
1.91,0.999999989,1,1,,,,1.91,0.309811609,0.328192664,0.346573719,,,
1.92,0.999999976,1,1,,,,1.92,0.312432577,0.330805584,0.349178591,,,
1.93,1,1,1,,,,1.93,0.315055797,0.333420199,0.351784601,,,
1.94,1,1,1,,,,1.94,0.317681138,0.336036402,0.354391666,,,
1.95,1,1,1,,,,1.95,0.320308468,0.338654086,0.356999705,,,
1.96,1,1,1,,,,1.96,0.322937657,0.341273146,0.359608635,,,
1.97,1,1,1,,,,1.97,0.325568576,0.343893476,0.362218377,,,
1.98,1,1,1,,,,1.98,0.328201094,0.346514972,0.364828849,,,
1.99,0.999999989,1,1,,,,1.99,0.330835083,0.349137528,0.367439972,,,
2,1,1,1,,,,2,0.333470415,0.351761041,0.370051667,,,
2.01,0.999999989,1,1,,,,2.01,0.336106959,0.354385407,0.372663854,,,
2.02,0.999999989,1,1,,,,2.02,0.33874459,0.357010523,0.375276456,,,
2.03,1,1,1,,,,2.03,0.34138318,0.359636287,0.377889394,,,
2.04,1,1,1,,,,2.04,0.344022601,0.362262596,0.380502591,,,
2.05,0.999999985,1,1,,,,2.05,0.346662729,0.364889349,0.38311597,,,
2.06,1,1,1,,,,2.06,0.349303436,0.367516445,0.385729454,,,
2.07,0.999999989,1,1,,,,2.07,0.351944598,0.370143783,0.388342968,,,
2.08,1,1,1,,,,2.08,0.354586091,0.372771263,0.390956435,,,
2.09,1,1,1,,,,2.09,0.35722779,0.375398785,0.39356978,,,
2.1,1,1,1,,,,2.1,0.359869572,0.37802625,0.396182928,,,
2.11,1,1,1,,,,2.11,0.362511315,0.38065356,0.398795806,,,
2.12,1,1,1,,,,2.12,0.365152896,0.383280617,0.401408338,,,
2.13,0.999999989,1,1,,,,2.13,0.367794194,0.385907323,0.404020451,,,
2.14,1,1,1,,,,2.14,0.370435088,0.38853358,0.406632073,,,
2.15,0.999999989,1,1,,,,2.15,0.373075458,0.391159293,0.409243129,,,
2.16,0.999999989,1,1,,,,2.16,0.375715184,0.393784366,0.411853548,,,
2.17,1,1,1,,,,2.17,0.378354149,0.396408703,0.414463257,,,
2.18,1,1,1,,,,2.18,0.380992234,0.399032209,0.417072185,,,
2.19,0.999999985,1,1,,,,2.19,0.383629321,0.40165479,0.41968026,,,
2.2,0.999999985,1,1,,,,2.2,0.386265296,0.404276353,0.42228741,,,
2.21,1,1,1,,,,2.21,0.388900041,0.406896803,0.424893565,,,
2.22,1,1,1,,,,2.22,0.391533443,0.409516049,0.427498655,,,
2.23,1,1,1,,,,2.23,0.394165387,0.412133998,0.430102609,,,
2.24,1,1,1,,,,2.24,0.39679576,0.414750558,0.432705356,,,
2.25,0.999999989,1,1,,,,2.25,0.399424451,0.41736564,0.435306829,,,
2.26,1,1,1,,,,2.26,0.402051346,0.419979151,0.437906956,,,
2.27,1,1,1,,,,2.27,0.404676337,0.422591003,0.440505669,,,
2.28,1,1,1,,,,2.28,0.407299314,0.425201106,0.443102899,,,
2.29,1,1,1,,,,2.29,0.409920167,0.427809372,0.445698578,,,
2.3,0.999999989,1,1,,,,2.3,0.412538789,0.430415712,0.448292636,,,
2.31,1,1,1,,,,2.31,0.415155074,0.43302004,0.450885005,,,
2.32,1,1,1,,,,2.32,0.417768915,0.435622267,0.453475618,,,
2.33,1,1,1,,,,2.33,0.420380208,0.438222308,0.456064407,,,
2.34,1,1,1,,,,2.34,0.422988849,0.440820076,0.458651304,,,
2.35,1,1,1,,,,2.35,0.425594735,0.443415488,0.461236241,,,
2.36,1,1,1,,,,2.36,0.428197765,0.446008458,0.463819151,,,
2.37,1,1,1,,,,2.37,0.430797836,0.448598902,0.466399968,,,
2.38,1,1,1,,,,2.38,0.433394851,0.451186737,0.468978623,,,
2.39,1,1,1,,,,2.39,0.43598871,0.453771881,0.471555051,,,
2.4,1,1,1,,,,2.4,0.438579316,0.45635425,0.474129185,,,
2.41,1,1,1,,,,2.41,0.441166572,0.458933765,0.476700957,,,
2.42,1,1,1,,,,2.42,0.443750383,0.461510343,0.479270302,,,
2.43,1,1,1,,,,2.43,0.446330654,0.464083904,0.481837154,,,
2.44,1,1,1,,,,2.44,0.448907294,0.466654369,0.484401445,,,
2.45,1,1,1,,,,2.45,0.451480209,0.469221659,0.48696311,,,
2.46,1,1,1,,,,2.46,0.454049308,0.471785696,0.489522083,,,
2.47,1,1,1,,,,2.47,0.456614503,0.474346401,0.492078298,,,
2.48,1,1,1,,,,2.48,0.459175705,0.476903697,0.494631689,,,
2.49,1,1,1,,,,2.49,0.461732826,0.479457508,0.49718219,,,
2.5,1,1,1,,,,2.5,0.46428578,0.482007758,0.499729736,,,
2.51,1,1,1,,,,2.51,0.466834483,0.484554372,0.50227426,,,
2.52,1,1,1,,,,2.52,0.46937885,0.487097274,0.504815698,,,
2.53,1,1,1,,,,2.53,0.471918799,0.489636392,0.507353984,,,
2.54,1,1,1,,,,2.54,0.474454249,0.492171651,0.509889052,,,
2.55,1,1,1,,,,2.55,0.47698512,0.494702978,0.512420837,,,
2.56,1,1,1,,,,2.56,0.479511332,0.497230303,0.514949274,,,
2.57,1,1,1,,,,2.57,0.482032809,0.499753553,0.517474297,,,
2.58,1,1,1,,,,2.58,0.484549473,0.502272657,0.519995841,,,
2.59,1,1,1,,,,2.59,0.487061249,0.504787545,0.522513841,,,
2.6,1,1,1,,,,2.6,0.489568064,0.507298148,0.525028232,,,
2.61,1,1,1,,,,2.61,0.492069844,0.509804397,0.52753895,,,
2.62,1,1,1,,,,2.62,0.494566519,0.512306223,0.530045928,,,
2.63,1,1,1,,,,2.63,0.497058017,0.514803559,0.532549102,,,
2.64,1,1,1,,,,2.64,0.49954427,0.517296338,0.535048407,,,
2.65,1,1,1,,,,2.65,0.50202521,0.519784494,0.537543778,,,
2.66,1,1,1,,,,2.66,0.50450077,0.522267961,0.540035152,,,
2.67,1,1,1,,,,2.67,0.506970885,0.524746674,0.542522462,,,
2.68,1,1,1,,,,2.68,0.509435491,0.527220568,0.545005645,,,
2.69,1,1,1,,,,2.69,0.511894524,0.52968958,0.547484636,,,
2.7,1,1,1,,,,2.7,0.514347923,0.532153647,0.54995937,,,
2.71,1,1,1,,,,2.71,0.516795628,0.534612706,0.552429784,,,
2.72,1,1,1,,,,2.72,0.519237578,0.537066696,0.554895814,,,
2.73,1,1,1,,,,2.73,0.521673716,0.539515555,0.557357394,,,
2.74,1,1,1,,,,2.74,0.524103985,0.541959224,0.559814462,,,
2.75,1,1,1,,,,2.75,0.526528329,0.544397641,0.562266954,,,
2.76,1,1,1,,,,2.76,0.528946693,0.546830749,0.564714805,,,
2.77,1,1,1,,,,2.77,0.531359024,0.549258489,0.567157953,,,
2.78,1,1,1,,,,2.78,0.53376527,0.551680802,0.569596334,,,
2.79,1,1,1,,,,2.79,0.536165379,0.554097632,0.572029885,,,
2.8,1,1,1,,,,2.8,0.538559301,0.556508922,0.574458543,,,
2.81,1,1,1,,,,2.81,0.540946987,0.558914616,0.576882245,,,
2.82,1,1,1,,,,2.82,0.54332839,0.561314659,0.579300928,,,
2.83,1,1,1,,,,2.83,0.545703462,0.563708996,0.581714531,,,
2.84,1,1,1,,,,2.84,0.548072158,0.566097574,0.584122991,,,
2.85,1,1,1,,,,2.85,0.550434433,0.56848034,0.586526246,,,
2.86,1,1,1,,,,2.86,0.552790244,0.570857239,0.588924234,,,
2.87,1,1,1,,,,2.87,0.555139549,0.573228222,0.591316894,,,
2.88,1,1,1,,,,2.88,0.557482305,0.575593235,0.593704165,,,
2.89,1,1,1,,,,2.89,0.559818473,0.57795223,0.596085986,,,
2.9,1,1,1,,,,2.9,0.562148013,0.580305155,0.598462297,,,
2.91,1,1,1,,,,2.91,0.564470886,0.582651961,0.600833036,,,
2.92,1,1,1,,,,2.92,0.566787055,0.5849926,0.603198144,,,
2.93,1,1,1,,,,2.93,0.569096484,0.587327023,0.605557562,,,
2.94,1,1,1,,,,2.94,0.571399137,0.589655184,0.60791123,,,
2.95,1,1,1,,,,2.95,0.573694979,0.591977034,0.610259089,,,
2.96,1,1,1,,,,2.96,0.575983978,0.59429253,0.612601081,,,
2.97,1,1,1,,,,2.97,0.578266099,0.596601623,0.614937148,,,
2.98,1,1,1,,,,2.98,0.580541312,0.598904271,0.617267231,,,
2.99,1,1,1,,,,2.99,0.582809584,0.601200428,0.619591273,,,
3,1,1,1,,,,3,0.585070887,0.603490052,0.621909217,,,
3.01,1,1,1,,,,3.01,0.587325191,0.605773099,0.624221007,,,
3.02,1,1,1,,,,3.02,0.589572467,0.608049527,0.626526587,,,
3.03,1,1,1,,,,3.03,0.591812688,0.610319294,0.628825901,,,
3.04,1,1,1,,,,3.04,0.594045827,0.61258236,0.631118893,,,
3.05,1,1,1,,,,3.05,0.596271858,0.614838684,0.633405509,,,
3.06,1,1,1,,,,3.06,0.598490756,0.617088226,0.635685695,,,
3.07,1,1,1,,,,3.07,0.600702497,0.619330947,0.637959397,,,
3.08,1,1,1,,,,3.08,0.602907056,0.621566809,0.640226562,,,
3.09,1,1,1,,,,3.09,0.605104411,0.623795774,0.642487137,,,
3.1,1,1,1,,,,3.1,0.60729454,0.626017805,0.64474107,,,
3.11,1,1,1,,,,3.11,0.609477421,0.628232865,0.646988308,,,
3.12,1,1,1,,,,3.12,0.611653034,0.630440918,0.649228802,,,
3.13,1,1,1,,,,3.13,0.613821358,0.632641929,0.651462501,,,
3.14,1,1,1,,,,3.14,0.615982374,0.634835864,0.653689354,,,
3.15,1,1,1,,,,3.15,0.618136063,0.637022687,0.655909312,,,
3.16,1,1,1,,,,3.16,0.620282408,0.639202367,0.658122326,,,
3.17,1,1,1,,,,3.17,0.62242139,0.641374869,0.660328348,,,
3.18,1,1,1,,,,3.18,0.624552992,0.643540162,0.662527331,,,
3.19,1,1,1,,,,3.19,0.6266772,0.645698214,0.664719227,,,
3.2,1,1,1,,,,3.2,0.628793997,0.647848993,0.66690399,,,
3.21,1,1,1,,,,3.21,0.630903368,0.649992471,0.669081574,,,
3.22,1,1,1,,,,3.22,0.633005298,0.652128616,0.671251935,,,
3.23,1,1,1,,,,3.23,0.635099774,0.6542574,0.673415027,,,
3.24,1,1,1,,,,3.24,0.637186783,0.656378795,0.675570806,,,
3.25,1,1,1,,,,3.25,0.639266312,0.658492771,0.67771923,,,
3.26,1,1,1,,,,3.26,0.641338348,0.660599302,0.679860256,,,
3.27,1,1,1,,,,3.27,0.64340288,0.662698361,0.681993842,,,
3.28,1,1,1,,,,3.28,0.645459897,0.664789922,0.684119946,,,
3.29,1,1,1,,,,3.29,0.647509389,0.666873959,0.686238528,,,
3.3,1,1,1,,,,3.3,0.649551344,0.668950447,0.688349549,,,
3.31,1,1,1,,,,3.31,0.651585754,0.671019362,0.690452969,,,
3.32,1,1,1,,,,3.32,0.653612609,0.673080679,0.692548749,,,
3.33,1,1,1,,,,3.33,0.655631901,0.675134377,0.694636852,,,
3.34,1,1,1,,,,3.34,0.657643622,0.677180431,0.69671724,,,
3.35,1,1,1,,,,3.35,0.659647763,0.67921882,0.698789878,,,
3.36,1,1,1,,,,3.36,0.661644318,0.681249523,0.700854728,,,
3.37,1,1,1,,,,3.37,0.663633279,0.683272518,0.702911757,,,
3.38,1,1,1,,,,3.38,0.665614641,0.685287785,0.704960929,,,
3.39,1,1,1,,,,3.39,0.667588397,0.687295304,0.707002212,,,
3.4,1,1,1,,,,3.4,0.669554541,0.689295057,0.709035572,,,
3.41,1,1,1,,,,3.41,0.67151307,0.691287023,0.711060977,,,
3.42,1,1,1,,,,3.42,0.673463977,0.693271186,0.713078395,,,
3.43,1,1,1,,,,3.43,0.675407258,0.695247527,0.715087796,,,
3.44,1,1,1,,,,3.44,0.67734291,0.69721603,0.717089149,,,
3.45,1,1,1,,,,3.45,0.67927093,0.699176677,0.719082425,,,
3.46,1,1,1,,,,3.46,0.681191313,0.701129454,0.721067596,,,
3.47,1,1,1,,,,3.47,0.683104057,0.703074345,0.723044633,,,
3.48,1,1,1,,,,3.48,0.68500916,0.705011335,0.725013509,,,
3.49,1,1,1,,,,3.49,0.68690662,0.706940409,0.726974198,,,
3.5,1,1,1,,,,3.5,0.688796434,0.708861554,0.728926673,,,
3.51,1,1,1,,,,3.51,0.690678603,0.710774756,0.73087091,,,
3.52,1,1,1,,,,3.52,0.692553124,0.712680004,0.732806884,,,
3.53,1,1,1,,,,3.53,0.694419997,0.714577284,0.734734571,,,
3.54,1,1,1,,,,3.54,0.696279222,0.716466585,0.736653949,,,
3.55,1,1,1,,,,3.55,0.698130798,0.718347897,0.738564995,,,
3.56,1,1,1,,,,3.56,0.699974727,0.720221207,0.740467687,,,
3.57,1,1,1,,,,3.57,0.701811009,0.722086507,0.742362005,,,
3.58,1,1,1,,,,3.58,0.703639644,0.723943786,0.744247928,,,
3.59,1,1,1,,,,3.59,0.705460635,0.725793036,0.746125437,,,
3.6,1,1,1,,,,3.6,0.707273983,0.727634248,0.747994514,,,
3.61,1,1,1,,,,3.61,0.709079689,0.729467414,0.749855139,,,
3.62,1,1,1,,,,3.62,0.710877756,0.731292526,0.751707295,,,
3.63,1,1,1,,,,3.63,0.712668188,0.733109577,0.753550967,,,
3.64,1,1,1,,,,3.64,0.714450985,0.734918561,0.755386137,,,
3.65,1,1,1,,,,3.65,0.716226152,0.736719471,0.757212791,,,
3.66,1,1,1,,,,3.66,0.717993693,0.738512303,0.759030913,,,
3.67,1,1,1,,,,3.67,0.71975361,0.74029705,0.76084049,,,
3.68,1,1,1,,,,3.68,0.721505908,0.742073708,0.762641508,,,
3.69,1,1,1,,,,3.69,0.72325059,0.743842273,0.764433955,,,
3.7,1,1,1,,,,3.7,0.724987663,0.745602741,0.766217819,,,
3.71,1,1,1,,,,3.71,0.72671713,0.747355109,0.767993088,,,
3.72,1,1,1,,,,3.72,0.728438997,0.749099374,0.769759752,,,
3.73,1,1,1,,,,3.73,0.730153269,0.750835535,0.771517801,,,
3.74,1,1,1,,,,3.74,0.731859951,0.752563588,0.773267225,,,
3.75,1,1,1,,,,3.75,0.73355905,0.754283532,0.775008015,,,
3.76,1,1,1,,,,3.76,0.735250571,0.755995368,0.776740164,,,
3.77,1,1,1,,,,3.77,0.736934522,0.757699093,0.778463665,,,
3.78,1,1,1,,,,3.78,0.738610908,0.759394709,0.780178509,,,
3.79,1,1,1,,,,3.79,0.740279737,0.761082214,0.781884692,,,
3.8,1,1,1,,,,3.8,0.741941016,0.762761612,0.783582207,,,
3.81,1,1,1,,,,3.81,0.743594752,0.764432901,0.78527105,,,
3.82,1,1,1,,,,3.82,0.745240952,0.766096085,0.786951217,,,
3.83,1,1,1,,,,3.83,0.746879626,0.767751165,0.788622703,,,
3.84,1,1,1,,,,3.84,0.74851078,0.769398143,0.790285506,,,
3.85,1,1,1,,,,3.85,0.750134424,0.771037024,0.791939623,,,
3.86,1,1,1,,,,3.86,0.751750565,0.772667809,0.793585053,,,
3.87,1,1,1,,,,3.87,0.753359213,0.774290503,0.795221794,,,
3.88,1,1,1,,,,3.88,0.754960377,0.775905111,0.796849845,,,
3.89,1,1,1,,,,3.89,0.756554066,0.777511636,0.798469206,,,
3.9,1,1,1,,,,3.9,0.758140288,0.779110083,0.800079878,,,
3.91,1,1,1,,,,3.91,0.759719055,0.780700459,0.801681862,,,
3.92,1,1,1,,,,3.92,0.761290377,0.782282768,0.803275159,,,
3.93,1,1,1,,,,3.93,0.762854262,0.783857017,0.804859772,,,
3.94,1,1,1,,,,3.94,0.764410722,0.785423213,0.806435704,,,
3.95,1,1,1,,,,3.95,0.765959766,0.786981362,0.808002957,,,
3.96,1,1,1,,,,3.96,0.767501407,0.788531471,0.809561536,,,
3.97,1,1,1,,,,3.97,0.769035655,0.790073549,0.811111444,,,
3.98,1,1,1,,,,3.98,0.77056252,0.791607604,0.812652688,,,
3.99,1,1,1,,,,3.99,0.772082015,0.793133644,0.814185272,,,
4,1,1,1,,,,4,0.773594151,0.794651677,0.815709202,,,
4.01,1,1,1,,,,4.01,0.77509894,0.796161713,0.817224486,,,
4.02,1,1,1,,,,4.02,0.776596393,0.797663761,0.818731129,,,
4.03,1,1,1,,,,4.03,0.778086524,0.799157832,0.82022914,,,
4.04,1,1,1,,,,4.04,0.779569343,0.800643935,0.821718527,,,
4.05,1,1,1,,,,4.05,0.781044865,0.802122081,0.823199298,,,
4.06,1,1,1,,,,4.06,0.782513101,0.803592281,0.824671462,,,
4.07,1,1,1,,,,4.07,0.783974064,0.805054546,0.826135029,,,
4.08,1,1,1,,,,4.08,0.785427769,0.806508889,0.827590008,,,
4.09,1,1,1,,,,4.09,0.786874227,0.807955319,0.829036412,,,
4.1,1,1,1,,,,4.1,0.788313452,0.809393851,0.830474249,,,
4.11,1,1,1,,,,4.11,0.789745459,0.810824496,0.831903533,,,
4.12,1,1,1,,,,4.12,0.791170261,0.812247268,0.833324275,,,
4.13,1,1,1,,,,4.13,0.792587871,0.813662179,0.834736486,,,
4.14,1,1,1,,,,4.14,0.793998305,0.815069243,0.836140181,,,
4.15,1,1,1,,,,4.15,0.795401575,0.816468474,0.837535373,,,
4.16,1,1,1,,,,4.16,0.796797698,0.817859886,0.838922074,,,
4.17,1,1,1,,,,4.17,0.798186688,0.819243494,0.8403003,,,
4.18,1,1,1,,,,4.18,0.799568559,0.820619312,0.841670065,,,
4.19,1,1,1,,,,4.19,0.800943326,0.821987355,0.843031384,,,
4.2,1,1,1,,,,4.2,0.802311006,0.823347639,0.844384273,,,
4.21,1,1,1,,,,4.21,0.803671612,0.824700179,0.845728747,,,
4.22,1,1,1,,,,4.22,0.80502516,0.826044992,0.847064823,,,
4.23,1,1,1,,,,4.23,0.806371667,0.827382092,0.848392517,,,
4.24,1,1,1,,,,4.24,0.807711148,0.828711497,0.849711847,,,
4.25,1,1,1,,,,4.25,0.809043618,0.830033224,0.85102283,,,
4.26,1,1,1,,,,4.26,0.810369095,0.831347289,0.852325483,,,
4.27,1,1,1,,,,4.27,0.811687594,0.83265371,0.853619826,,,
4.28,1,1,1,,,,4.28,0.812999131,0.833952504,0.854905877,,,
4.29,1,1,1,,,,4.29,0.814303724,0.83524369,0.856183655,,,
4.3,1,1,1,,,,4.3,0.815601389,0.836527284,0.857453179,,,
4.31,1,1,1,,,,4.31,0.816892142,0.837803306,0.858714469,,,
4.32,1,1,1,,,,4.32,0.818176001,0.839071773,0.859967545,,,
4.33,1,1,1,,,,4.33,0.819452983,0.840332706,0.861212428,,,
4.34,1,1,1,,,,4.34,0.820723104,0.841586122,0.862449139,,,
4.35,1,1,1,,,,4.35,0.821986383,0.842832041,0.863677698,,,
4.36,1,1,1,,,,4.36,0.823242837,0.844070482,0.864898127,,,
4.37,1,1,1,,,,4.37,0.824492484,0.845301466,0.866110449,,,
4.38,1,1,1,,,,4.38,0.825735341,0.846525012,0.867314684,,,
4.39,1,1,1,,,,4.39,0.826971426,0.847741141,0.868510856,,,
4.4,1,1,1,,,,4.4,0.828200757,0.848949872,0.869698987,,,
4.41,1,1,1,,,,4.41,0.829423352,0.850151227,0.870879101,,,
4.42,1,1,1,,,,4.42,0.83063923,0.851345226,0.872051221,,,
4.43,1,1,1,,,,4.43,0.831848409,0.85253189,0.873215371,,,
4.44,1,1,1,,,,4.44,0.833050908,0.853711241,0.874371574,,,
4.45,1,1,1,,,,4.45,0.834246745,0.8548833,0.875519855,,,
4.46,1,1,1,,,,4.46,0.835435938,0.856048088,0.876660238,,,
4.47,1,1,1,,,,4.47,0.836618507,0.857205628,0.877792749,,,
4.48,1,1,1,,,,4.48,0.837794471,0.858355942,0.878917413,,,
4.49,1,1,1,,,,4.49,0.838963849,0.859499051,0.880034254,,,
4.5,1,1,1,,,,4.5,0.840126659,0.860634979,0.881143299,,,
4.51,1,1,1,,,,4.51,0.841282922,0.861763748,0.882244573,,,
4.52,1,1,1,,,,4.52,0.842432656,0.86288538,0.883338104,,,
4.53,1,1,1,,,,4.53,0.843575881,0.863999899,0.884423916,,,
4.54,1,1,1,,,,4.54,0.844712617,0.865107327,0.885502037,,,
4.55,1,1,1,,,,4.55,0.845842883,0.866207689,0.886572494,,,
4.56,1,1,1,,,,4.56,0.846966699,0.867301007,0.887635314,,,
4.57,1,1,1,,,,4.57,0.848084085,0.868387305,0.888690525,,,
4.58,1,1,1,,,,4.58,0.849195062,0.869466607,0.889738153,,,
4.59,1,1,1,,,,4.59,0.850299648,0.870538937,0.890778227,,,
4.6,1,1,1,,,,4.6,0.851397864,0.87160432,0.891810775,,,
4.61,1,1,1,,,,4.61,0.852489731,0.872662778,0.892835825,,,
4.62,1,1,1,,,,4.62,0.853575268,0.873714337,0.893853406,,,
4.63,1,1,1,,,,4.63,0.854654497,0.874759022,0.894863546,,,
4.64,1,1,1,,,,4.64,0.855727437,0.875796856,0.895866274,,,
4.65,1,1,1,,,,4.65,0.85679411,0.876827865,0.89686162,,,
4.66,1,1,1,,,,4.66,0.857854536,0.877852074,0.897849612,,,
4.67,1,1,1,,,,4.67,0.858908735,0.878869508,0.89883028,,,
4.68,1,1,1,,,,4.68,0.859956729,0.879880191,0.899803654,,,
4.69,1,1,1,,,,4.69,0.860998538,0.880884151,0.900769763,,,
4.7,1,1,1,,,,4.7,0.862034184,0.881881411,0.901728637,,,
4.71,1,1,1,,,,4.71,0.863063687,0.882871997,0.902680307,,,
4.72,1,1,1,,,,4.72,0.864087069,0.883855936,0.903624803,,,
4.73,1,1,1,,,,4.73,0.865104351,0.884833253,0.904562156,,,
4.74,1,1,1,,,,4.74,0.866115554,0.885803974,0.905492395,,,
4.75,1,1,1,,,,4.75,0.867120699,0.886768125,0.906415552,,,
4.76,1,1,1,,,,4.76,0.868119808,0.887725733,0.907331657,,,
4.77,1,1,1,,,,4.77,0.869112902,0.888676822,0.908240743,,,
4.78,1,1,1,,,,4.78,0.870100003,0.889621421,0.909142839,,,
4.79,1,1,1,,,,4.79,0.871081133,0.890559555,0.910037977,,,
4.8,1,1,1,,,,4.8,0.872056312,0.891491251,0.910926189,,,
4.81,1,1,1,,,,4.81,0.873025563,0.892416535,0.911807507,,,
4.82,1,1,1,,,,4.82,0.873988908,0.893335434,0.912681961,,,
4.83,1,1,1,,,,4.83,0.874946368,0.894247976,0.913549584,,,
4.84,1,1,1,,,,4.84,0.875897964,0.895154186,0.914410408,,,
4.85,1,1,1,,,,4.85,0.876843721,0.896054092,0.915264464,,,
4.86,1,1,1,,,,4.86,0.877783658,0.896947722,0.916111786,,,
4.87,1,1,1,,,,4.87,0.878717798,0.897835101,0.916952404,,,
4.88,1,1,1,,,,4.88,0.879646163,0.898716258,0.917786352,,,
4.89,1,1,1,,,,4.89,0.880568775,0.899591219,0.918613662,,,
4.9,1,1,1,,,,4.9,0.881485657,0.900460012,0.919434367,,,
4.91,1,1,1,,,,4.91,0.88239683,0.901322664,0.920248498,,,
4.92,1,1,1,,,,4.92,0.883302318,0.902179204,0.92105609,,,
4.93,1,1,1,,,,4.93,0.884202141,0.903029657,0.921857173,,,
4.94,1,1,1,,,,4.94,0.885096322,0.903874052,0.922651783,,,
4.95,1,1,1,,,,4.95,0.885984885,0.904712417,0.92343995,,,
4.96,1,1,1,,,,4.96,0.88686785,0.905544779,0.924221709,,,
4.97,1,1,1,,,,4.97,0.887745241,0.906371166,0.924997092,,,
4.98,1,1,1,,,,4.98,0.88861708,0.907191606,0.925766132,,,
4.99,1,1,1,,,,4.99,0.889483389,0.908006126,0.926528863,,,
5,1,1,1,,,,5,0.890344192,0.908814755,0.927285318,,,
5.01,1,1,1,,,,5.01,0.89119951,0.90961752,0.92803553,,,
5.02,1,1,1,,,,5.02,0.892049366,0.910414449,0.928779532,,,
5.03,1,1,1,,,,5.03,0.892893783,0.91120557,0.929517358,,,
5.04,1,1,1,,,,5.04,0.893732783,0.911990912,0.930249041,,,
5.05,1,1,1,,,,5.05,0.894566389,0.912770502,0.930974615,,,
5.06,1,1,1,,,,5.06,0.895394624,0.913544368,0.931694112,,,
5.07,1,1,1,,,,5.07,0.89621751,0.914312539,0.932407567,,,
5.08,1,1,1,,,,5.08,0.89703507,0.915075042,0.933115013,,,
5.09,1,1,1,,,,5.09,0.897847327,0.915831905,0.933816484,,,
5.1,1,1,1,,,,5.1,0.898654303,0.916583158,0.934512013,,,
5.11,1,1,1,,,,5.11,0.899456022,0.917328828,0.935201634,,,
5.12,1,1,1,,,,5.12,0.900252506,0.918068942,0.935885379,,,
5.13,1,1,1,,,,5.13,0.901043777,0.918803531,0.936563284,,,
5.14,1,1,1,,,,5.14,0.901829859,0.91953262,0.937235381,,,
5.15,1,1,1,,,,5.15,0.902610775,0.92025624,0.937901705,,,
5.16,1,1,1,,,,5.16,0.903386547,0.920974417,0.938562288,,,
5.17,1,1,1,,,,5.17,0.904157198,0.921687181,0.939217164,,,
5.18,1,1,1,,,,5.18,0.904922751,0.922394559,0.939866368,,,
5.19,1,1,1,,,,5.19,0.905683228,0.92309658,0.940509932,,,
5.2,1,1,1,,,,5.2,0.906438653,0.923793272,0.94114789,,,
5.21,1,1,1,,,,5.21,0.907189049,0.924484662,0.941780276,,,
5.22,1,1,1,,,,5.22,0.907934438,0.92517078,0.942407123,,,
5.23,1,1,1,,,,5.23,0.908674843,0.925851654,0.943028465,,,
5.24,1,1,1,,,,5.24,0.909410287,0.926527311,0.943644336,,,
5.25,1,1,1,,,,5.25,0.910140793,0.92719778,0.944254768,,,
5.26,1,1,1,,,,5.26,0.910866383,0.92786309,0.944859796,,,
5.27,1,1,1,,,,5.27,0.911587081,0.928523267,0.945459453,,,
5.28,1,1,1,,,,5.28,0.912302909,0.929178341,0.946053772,,,
5.29,1,1,1,,,,5.29,0.913013891,0.929828339,0.946642787,,,
5.3,1,1,1,,,,5.3,0.913720048,0.930473289,0.94722653,,,
5.31,1,1,1,,,,5.31,0.914421404,0.93111322,0.947805036,,,
5.32,1,1,1,,,,5.32,0.915117982,0.93174816,0.948378338,,,
5.33,1,1,1,,,,5.33,0.915809804,0.932378136,0.948946469,,,
5.34,1,1,1,,,,5.34,0.916496894,0.933003177,0.949509461,,,
5.35,1,1,1,,,,5.35,0.917179273,0.933623311,0.950067349,,,
5.36,1,1,1,,,,5.36,0.917856965,0.934238565,0.950620165,,,
5.37,1,1,1,,,,5.37,0.918529992,0.934848967,0.951167943,,,
5.38,1,1,1,,,,5.38,0.919198378,0.935454546,0.951710715,,,
5.39,1,1,1,,,,5.39,0.919862144,0.936055329,0.952248513,,,
5.4,1,1,1,,,,5.4,0.920521314,0.936651343,0.952781373,,,
5.41,1,1,1,,,,5.41,0.92117591,0.937242617,0.953309325,,,
5.42,1,1,1,,,,5.42,0.921825955,0.937829178,0.953832402,,,
5.43,1,1,1,,,,5.43,0.922471471,0.938411055,0.954350638,,,
5.44,1,1,1,,,,5.44,0.923112482,0.938988273,0.954864065,,,
5.45,1,1,1,,,,5.45,0.923749009,0.939560862,0.955372716,,,
5.46,1,1,1,,,,5.46,0.924381075,0.940128849,0.955876622,,,
5.47,1,1,1,,,,5.47,0.925008704,0.94069226,0.956375817,,,
5.48,1,1,1,,,,5.48,0.925631916,0.941251124,0.956870332,,,
5.49,1,1,1,,,,5.49,0.926250735,0.941805468,0.957360201,,,
5.5,1,1,1,,,,5.5,0.926865184,0.942355319,0.957845454,,,
5.51,1,1,1,,,,5.51,0.927475284,0.942900705,0.958326125,,,
5.52,1,1,1,,,,5.52,0.928081058,0.943441652,0.958802245,,,
5.53,1,1,1,,,,5.53,0.928682529,0.943978188,0.959273846,,,
5.54,1,1,1,,,,5.54,0.929279718,0.944510339,0.959740961,,,
5.55,1,1,1,,,,5.55,0.929872649,0.945038134,0.96020362,,,
5.56,1,1,1,,,,5.56,0.930461343,0.945561599,0.960661855,,,
5.57,1,1,1,,,,5.57,0.931045822,0.94608076,0.961115698,,,
5.58,1,1,1,,,,5.58,0.931626109,0.946595645,0.961565181,,,
5.59,1,1,1,,,,5.59,0.932202227,0.947106281,0.962010335,,,
5.6,1,1,1,,,,5.6,0.932774196,0.947612693,0.962451191,,,
5.61,1,1,1,,,,5.61,0.933342039,0.94811491,0.96288778,,,
5.62,1,1,1,,,,5.62,0.933905779,0.948612956,0.963320133,,,
5.63,1,1,1,,,,5.63,0.934465437,0.94910686,0.963748283,,,
5.64,1,1,1,,,,5.64,0.935021035,0.949596647,0.964172258,,,
5.65,1,1,1,,,,5.65,0.935572595,0.950082343,0.964592091,,,
5.66,1,1,1,,,,5.66,0.93612014,0.950563976,0.965007811,,,
5.67,1,1,1,,,,5.67,0.93666369,0.95104157,0.96541945,,,
5.68,1,1,1,,,,5.68,0.937203269,0.951515153,0.965827038,,,
5.69,1,1,1,,,,5.69,0.937738896,0.951984751,0.966230605,,,
5.7,1,1,1,,,,5.7,0.938270595,0.952450388,0.966630182,,,
5.71,1,1,1,,,,5.71,0.938798387,0.952912093,0.967025798,,,
5.72,1,1,1,,,,5.72,0.939322294,0.953369889,0.967417484,,,
5.73,1,1,1,,,,5.73,0.939842336,0.953823803,0.96780527,,,
5.74,1,1,1,,,,5.74,0.940358536,0.954273861,0.968189185,,,
5.75,1,1,1,,,,5.75,0.940870916,0.954720088,0.96856926,,,
5.76,1,1,1,,,,5.76,0.941379496,0.95516251,0.968945523,,,
5.77,1,1,1,,,,5.77,0.941884299,0.955601152,0.969318005,,,
5.78,1,1,1,,,,5.78,0.942385344,0.956036039,0.969686734,,,
5.79,1,1,1,,,,5.79,0.942882655,0.956467197,0.97005174,,,
5.8,1,1,1,,,,5.8,0.943376251,0.956894652,0.970413052,,,
5.81,1,1,1,,,,5.81,0.943866155,0.957318427,0.970770699,,,
5.82,1,1,1,,,,5.82,0.944352387,0.957738548,0.97112471,,,
5.83,1,1,1,,,,5.83,0.944834968,0.958155041,0.971475114,,,
5.84,1,1,1,,,,5.84,0.945313919,0.958567929,0.971821938,,,
5.85,1,1,1,,,,5.85,0.945789263,0.958977238,0.972165213,,,
5.86,1,1,1,,,,5.86,0.946261018,0.959382992,0.972504965,,,
5.87,1,1,1,,,,5.87,0.946729207,0.959785215,0.972841224,,,
5.88,1,1,1,,,,5.88,0.94719385,0.960183933,0.973174017,,,
5.89,1,1,1,,,,5.89,0.947654967,0.96057917,0.973503372,,,
5.9,1,1,1,,,,5.9,0.948112581,0.960970949,0.973829318,,,
5.91,1,1,1,,,,5.91,0.94856671,0.961359296,0.974151882,,,
5.92,1,1,1,,,,5.92,0.949017376,0.961744234,0.974471092,,,
5.93,1,1,1,,,,5.93,0.9494646,0.962125787,0.974786974,,,
5.94,1,1,1,,,,5.94,0.949908401,0.962503979,0.975099558,,,
5.95,1,1,1,,,,5.95,0.9503488,0.962878834,0.975408868,,,
5.96,1,1,1,,,,5.96,0.950785818,0.963250376,0.975714934,,,
5.97,1,1,1,,,,5.97,0.951219475,0.963618628,0.976017781,,,
5.98,1,1,1,,,,5.98,0.951649791,0.963983614,0.976317437,,,
5.99,1,1,1,,,,5.99,0.952076787,0.964345357,0.976613928,,,
6,1,1,1,,,,6,0.952500482,0.964703881,0.976907281,,,
6.01,1,1,1,,,,6.01,0.952920896,0.965059209,0.977197521,,,
6.02,1,1,1,,,,6.02,0.953338049,0.965411363,0.977484677,,,
6.03,1,1,1,,,,6.03,0.953751962,0.965760367,0.977768772,,,
6.04,1,1,1,,,,6.04,0.954162654,0.966106245,0.978049835,,,
6.05,1,1,1,,,,6.05,0.954570146,0.966449018,0.978327889,,,
6.06,1,1,1,,,,6.06,0.954974456,0.966788709,0.978602962,,,
6.07,1,1,1,,,,6.07,0.955375604,0.967125341,0.978875079,,,
6.08,1,1,1,,,,6.08,0.95577361,0.967458937,0.979144264,,,
6.09,1,1,1,,,,6.09,0.956168494,0.967789519,0.979410545,,,
6.1,1,1,1,,,,6.1,0.956560275,0.96811711,0.979673944,,,
6.11,1,1,1,,,,6.11,0.956948973,0.968441731,0.979934489,,,
6.12,1,1,1,,,,6.12,0.957334606,0.968763404,0.980192203,,,
6.13,1,1,1,,,,6.13,0.957717194,0.969082153,0.980447111,,,
6.14,1,1,1,,,,6.14,0.958096757,0.969397997,0.980699238,,,
6.15,1,1,1,,,,6.15,0.958473312,0.969710961,0.980948609,,,
6.16,1,1,1,,,,6.16,0.958846881,0.970021064,0.981195247,,,
6.17,1,1,1,,,,6.17,0.959217481,0.970328329,0.981439177,,,
6.18,1,1,1,,,,6.18,0.959585131,0.970632777,0.981680424,,,
6.19,1,1,1,,,,6.19,0.95994985,0.97093443,0.98191901,,,
6.2,1,1,1,,,,6.2,0.960311657,0.971233308,0.982154959,,,
6.21,1,1,1,,,,6.21,0.960670572,0.971529434,0.982388296,,,
6.22,1,1,1,,,,6.22,0.961026611,0.971822828,0.982619044,,,
6.23,1,1,1,,,,6.23,0.961379795,0.97211351,0.982847226,,,
6.24,1,1,1,,,,6.24,0.961730141,0.972401503,0.983072865,,,
6.25,1,1,1,,,,6.25,0.962077668,0.972686826,0.983295984,,,
6.26,1,1,1,,,,6.26,0.962422394,0.9729695,0.983516607,,,
6.27,1,1,1,,,,6.27,0.962764338,0.973249547,0.983734755,,,
6.28,1,1,1,,,,6.28,0.963103518,0.973526985,0.983950452,,,
6.29,1,1,1,,,,6.29,0.963439951,0.973801836,0.984163721,,,
6.3,1,1,1,,,,6.3,0.963773657,0.97407412,0.984374583,,,
6.31,1,1,1,,,,6.31,0.964104653,0.974343857,0.98458306,,,
6.32,1,1,1,,,,6.32,0.964432957,0.974611066,0.984789176,,,
6.33,1,1,1,,,,6.33,0.964758586,0.974875769,0.984992951,,,
6.34,1,1,1,,,,6.34,0.96508156,0.975137983,0.985194407,,,
6.35,1,1,1,,,,6.35,0.965401894,0.975397731,0.985393567,,,
6.36,1,1,1,,,,6.36,0.965719608,0.97565503,0.985590451,,,
6.37,1,1,1,,,,6.37,0.966034718,0.9759099,0.985785081,,,
6.38,1,1,1,,,,6.38,0.966347243,0.976162361,0.985977479,,,
6.39,1,1,1,,,,6.39,0.966657199,0.976412432,0.986167664,,,
6.4,1,1,1,,,,6.4,0.966964603,0.976660131,0.986355659,,,
6.41,1,1,1,,,,6.41,0.967269474,0.976905479,0.986541484,,,
6.42,1,1,1,,,,6.42,0.967571828,0.977148494,0.98672516,,,
6.43,1,1,1,,,,6.43,0.967871683,0.977389195,0.986906706,,,
6.44,1,1,1,,,,6.44,0.968169055,0.9776276,0.987086144,,,
6.45,1,1,1,,,,6.45,0.968463962,0.977863728,0.987263494,,,
6.46,1,1,1,,,,6.46,0.96875642,0.978097598,0.987438776,,,
6.47,1,1,1,,,,6.47,0.969046446,0.978329228,0.987612009,,,
6.48,1,1,1,,,,6.48,0.969334057,0.978558636,0.987783214,,,
6.49,1,1,1,,,,6.49,0.96961927,0.97878584,0.987952411,,,
6.5,1,1,1,,,,6.5,0.969902101,0.979010859,0.988119618,,,
6.51,1,1,1,,,,6.51,0.970182566,0.979233711,0.988284855,,,
6.52,1,1,1,,,,6.52,0.970460683,0.979454413,0.988448142,,,
6.53,1,1,1,,,,6.53,0.970736468,0.979672983,0.988609498,,,
6.54,1,1,1,,,,6.54,0.971009936,0.979889438,0.988768941,,,
6.55,1,1,1,,,,6.55,0.971281104,0.980103797,0.98892649,,,
6.56,1,1,1,,,,6.56,0.971549989,0.980316077,0.989082165,,,
6.57,1,1,1,,,,6.57,0.971816606,0.980526294,0.989235983,,,
6.58,1,1,1,,,,6.58,0.972080971,0.980734467,0.989387963,,,
6.59,1,1,1,,,,6.59,0.9723431,0.980940612,0.989538124,,,
6.6,1,1,1,,,,6.6,0.972603009,0.981144747,0.989686484,,,
6.61,1,1,1,,,,6.61,0.972860715,0.981346887,0.98983306,,,
6.62,1,1,1,,,,6.62,0.973116231,0.981547051,0.98997787,,,
6.63,1,1,1,,,,6.63,0.973369575,0.981745254,0.990120933,,,
6.64,1,1,1,,,,6.64,0.973620761,0.981941513,0.990262266,,,
6.65,1,1,1,,,,6.65,0.973869805,0.982135845,0.990401886,,,
6.66,1,1,1,,,,6.66,0.974116723,0.982328267,0.99053981,,,
6.67,1,1,1,,,,6.67,0.97436153,0.982518793,0.990676057,,,
6.68,1,1,1,,,,6.68,0.97460424,0.982707442,0.990810643,,,
6.69,1,1,1,,,,6.69,0.97484487,0.982894227,0.990943585,,,
6.7,1,1,1,,,,6.7,0.975083434,0.983079167,0.991074899,,,
6.71,1,1,1,,,,6.71,0.975319947,0.983262275,0.991204604,,,
6.72,1,1,1,,,,6.72,0.975554424,0.983443569,0.991332714,,,
6.73,1,1,1,,,,6.73,0.97578688,0.983623063,0.991459247,,,
6.74,1,1,1,,,,6.74,0.97601733,0.983800774,0.991584218,,,
6.75,1,1,1,,,,6.75,0.976245788,0.983976717,0.991707645,,,
6.76,1,1,1,,,,6.76,0.97647227,0.984150906,0.991829543,,,
6.77,1,1,1,,,,6.77,0.976696788,0.984323358,0.991949928,,,
6.78,1,1,1,,,,6.78,0.976919359,0.984494087,0.992068815,,,
6.79,1,1,1,,,,6.79,0.977139997,0.984663109,0.992186222,,,
6.8,1,1,1,,,,6.8,0.977358715,0.984830438,0.992302162,,,
6.81,1,1,1,,,,6.81,0.977575528,0.98499609,0.992416651,,,
6.82,1,1,1,,,,6.82,0.97779045,0.985160078,0.992529705,,,
6.83,1,1,1,,,,6.83,0.978003496,0.985322418,0.992641339,,,
6.84,1,1,1,,,,6.84,0.978214679,0.985483124,0.992751568,,,
6.85,1,1,1,,,,6.85,0.978424013,0.98564221,0.992860407,,,
6.86,1,1,1,,,,6.86,0.978631511,0.985799691,0.99296787,,,
6.87,1,1,1,,,,6.87,0.978837189,0.985955581,0.993073973,,,
6.88,1,1,1,,,,6.88,0.979041059,0.986109895,0.99317873,,,
6.89,1,1,1,,,,6.89,0.979243136,0.986262645,0.993282154,,,
6.9,1,1,1,,,,6.9,0.979443432,0.986413847,0.993384262,,,
6.91,1,1,1,,,,6.91,0.979641961,0.986563513,0.993485066,,,
6.92,1,1,1,,,,6.92,0.979838737,0.986711659,0.99358458,,,
6.93,1,1,1,,,,6.93,0.980033772,0.986858296,0.99368282,,,
6.94,1,1,1,,,,6.94,0.980227081,0.98700344,0.993779798,,,
6.95,1,1,1,,,,6.95,0.980418676,0.987147102,0.993875528,,,
6.96,1,1,1,,,,6.96,0.980608571,0.987289298,0.993970024,,,
6.97,1,1,1,,,,6.97,0.980796778,0.987430039,0.9940633,,,
6.98,1,1,1,,,,6.98,0.98098331,0.987569339,0.994155368,,,
6.99,1,1,1,,,,6.99,0.981168181,0.987707212,0.994246242,,,
7,1,1,1,,,,7,0.981351403,0.987843669,0.994335935,,,
7.01,1,1,1,,,,7.01,0.981532988,0.987978724,0.99442446,,,
7.02,1,1,1,,,,7.02,0.98171295,0.98811239,0.99451183,,,
7.03,1,1,1,,,,7.03,0.981891302,0.98824468,0.994598058,,,
7.04,1,1,1,,,,7.04,0.982068054,0.988375605,0.994683156,,,
7.05,1,1,1,,,,7.05,0.982243221,0.988505179,0.994767137,,,
7.06,1,1,1,,,,7.06,0.982416814,0.988633414,0.994850014,,,
7.07,1,1,1,,,,7.07,0.982588846,0.988760322,0.994931798,,,
7.08,1,1,1,,,,7.08,0.982759329,0.988885915,0.995012502,,,
7.09,1,1,1,,,,7.09,0.982928275,0.989010206,0.995092138,,,
7.1,1,1,1,,,,7.1,0.983095696,0.989133207,0.995170718,,,
7.11,1,1,1,,,,7.11,0.983261604,0.989254929,0.995248254,,,
7.12,1,1,1,,,,7.12,0.983426011,0.989375384,0.995324757,,,
7.13,1,1,1,,,,7.13,0.983588928,0.989494584,0.995400241,,,
7.14,1,1,1,,,,7.14,0.983750369,0.989612542,0.995474715,,,
7.15,1,1,1,,,,7.15,0.983910344,0.989729267,0.995548191,,,
7.16,1,1,1,,,,7.16,0.984068865,0.989844773,0.995620681,,,
7.17,1,1,1,,,,7.17,0.984225943,0.98995907,0.995692196,,,
7.18,1,1,1,,,,7.18,0.984381591,0.990072169,0.995762748,,,
7.19,1,1,1,,,,7.19,0.984535819,0.990184083,0.995832346,,,
7.2,1,1,1,,,,7.2,0.984688639,0.990294821,0.995901003,,,
7.21,1,1,1,,,,7.21,0.984840062,0.990404396,0.995968729,,,
7.22,1,1,1,,,,7.22,0.9849901,0.990512817,0.996035534,,,
7.23,1,1,1,,,,7.23,0.985138763,0.990620096,0.99610143,,,
7.24,1,1,1,,,,7.24,0.985286062,0.990726245,0.996166427,,,
7.25,1,1,1,,,,7.25,0.98543201,0.990831272,0.996230535,,,
7.26,1,1,1,,,,7.26,0.985576615,0.99093519,0.996293765,,,
7.27,1,1,1,,,,7.27,0.98571989,0.991038008,0.996356127,,,
7.28,1,1,1,,,,7.28,0.985861845,0.991139738,0.996417631,,,
7.29,1,1,1,,,,7.29,0.986002492,0.991240389,0.996478286,,,
7.3,1,1,1,,,,7.3,0.986141839,0.991339972,0.996538104,,,
7.31,1,1,1,,,,7.31,0.986279899,0.991438497,0.996597094,,,
7.32,1,1,1,,,,7.32,0.986416681,0.991535974,0.996655266,,,
7.33,1,1,1,,,,7.33,0.986552197,0.991632413,0.996712629,,,
7.34,1,1,1,,,,7.34,0.986686456,0.991727824,0.996769193,,,
7.35,1,1,1,,,,7.35,0.986819469,0.991822218,0.996824967,,,
7.36,1,1,1,,,,7.36,0.986951246,0.991915603,0.996879961,,,
7.37,1,1,1,,,,7.37,0.987081797,0.992007991,0.996934184,,,
7.38,1,1,1,,,,7.38,0.987211133,0.992099389,0.996987645,,,
7.39,1,1,1,,,,7.39,0.987339262,0.992189808,0.997040354,,,
7.4,1,1,1,,,,7.4,0.987466197,0.992279258,0.997092319,,,
7.41,1,1,1,,,,7.41,0.987591945,0.992367747,0.997143549,,,
7.42,1,1,1,,,,7.42,0.987716518,0.992455286,0.997194054,,,
7.43,1,1,1,,,,7.43,0.987839925,0.992541883,0.997243841,,,
7.44,1,1,1,,,,7.44,0.987962175,0.992627548,0.99729292,,,
7.45,1,1,1,,,,7.45,0.988083279,0.992712289,0.997341299,,,
7.46,1,1,1,,,,7.46,0.988203245,0.992796116,0.997388987,,,
7.47,1,1,1,,,,7.47,0.988322084,0.992879038,0.997435991,,,
7.48,1,1,1,,,,7.48,0.988439805,0.992961063,0.997482321,,,
7.49,1,1,1,,,,7.49,0.988556417,0.993042201,0.997527985,,,
7.5,1,1,1,,,,7.5,0.988671929,0.99312246,0.997572991,,,
7.51,1,1,1,,,,7.51,0.988786352,0.993201849,0.997617346,,,
7.52,1,1,1,,,,7.52,0.988899693,0.993280376,0.997661059,,,
7.53,1,1,1,,,,7.53,0.989011963,0.99335805,0.997704137,,,
7.54,1,1,1,,,,7.54,0.98912317,0.99343488,0.99774659,,,
7.55,1,1,1,,,,7.55,0.989233323,0.993510873,0.997788423,,,
7.56,1,1,1,,,,7.56,0.989342432,0.993586039,0.997829646,,,
7.57,1,1,1,,,,7.57,0.989450504,0.993660384,0.997870264,,,
7.58,1,1,1,,,,7.58,0.98955755,0.993733919,0.997910287,,,
7.59,1,1,1,,,,7.59,0.989663577,0.993806649,0.997949722,,,
7.6,1,1,1,,,,7.6,0.989768594,0.993878585,0.997988575,,,
7.61,1,1,1,,,,7.61,0.989872611,0.993949733,0.998026854,,,
7.62,1,1,1,,,,7.62,0.989975635,0.994020101,0.998064567,,,
7.63,1,1,1,,,,7.63,0.990077676,0.994089697,0.998101719,,,
7.64,1,1,1,,,,7.64,0.99017874,0.99415853,0.99813832,,,
7.65,1,1,1,,,,7.65,0.990278838,0.994226606,0.998174374,,,
7.66,1,1,1,,,,7.66,0.990377978,0.994293934,0.99820989,,,
7.67,1,1,1,,,,7.67,0.990476167,0.99436052,0.998244874,,,
7.68,1,1,1,,,,7.68,0.990573413,0.994426373,0.998279333,,,
7.69,1,1,1,,,,7.69,0.990669726,0.9944915,0.998313273,,,
7.7,1,1,1,,,,7.7,0.990765113,0.994555907,0.998346702,,,
7.71,1,1,1,,,,7.71,0.990859582,0.994619603,0.998379625,,,
7.72,1,1,1,,,,7.72,0.990953141,0.994682595,0.998412049,,,
7.73,1,1,1,,,,7.73,0.991045798,0.99474489,0.998443981,,,
7.74,1,1,1,,,,7.74,0.991137561,0.994806494,0.998475427,,,
7.75,1,1,1,,,,7.75,0.991228438,0.994867415,0.998506393,,,
7.76,1,1,1,,,,7.76,0.991318436,0.99492766,0.998536885,,,
7.77,1,1,1,,,,7.77,0.991407564,0.994987236,0.998566909,,,
7.78,1,1,1,,,,7.78,0.991495828,0.99504615,0.998596472,,,
7.79,1,1,1,,,,7.79,0.991583237,0.995104408,0.998625579,,,
7.8,1,1,1,,,,7.8,0.991669797,0.995162017,0.998654237,,,
7.81,1,1,1,,,,7.81,0.991755517,0.995218984,0.998682451,,,
7.82,1,1,1,,,,7.82,0.991840404,0.995275316,0.998710227,,,
7.83,1,1,1,,,,7.83,0.991924465,0.995331018,0.998737571,,,
7.84,1,1,1,,,,7.84,0.992007708,0.995386098,0.998764488,,,
7.85,1,1,1,,,,7.85,0.992090139,0.995440562,0.998790985,,,
7.86,1,1,1,,,,7.86,0.992171766,0.995494416,0.998817065,,,
7.87,1,1,1,,,,7.87,0.992252597,0.995547666,0.998842736,,,
7.88,1,1,1,,,,7.88,0.992332637,0.99560032,0.998868002,,,
7.89,1,1,1,,,,7.89,0.992411895,0.995652382,0.99889287,,,
7.9,1,1,1,,,,7.9,0.992490377,0.99570386,0.998917343,,,
7.91,1,1,1,,,,7.91,0.99256809,0.995754758,0.998941427,,,
7.92,1,1,1,,,,7.92,0.992645041,0.995805085,0.998965128,,,
7.93,1,1,1,,,,7.93,0.992721237,0.995854844,0.998988451,,,
7.94,1,1,1,,,,7.94,0.992796684,0.995904042,0.9990114,,,
7.95,1,1,1,,,,7.95,0.99287139,0.995952686,0.999033981,,,
7.96,1,1,1,,,,7.96,0.992945361,0.99600078,0.999056199,,,
7.97,1,1,1,,,,7.97,0.993018603,0.996048331,0.999078058,,,
7.98,1,1,1,,,,7.98,0.993091124,0.996095344,0.999099564,,,
7.99,1,1,1,,,,7.99,0.993162929,0.996141825,0.99912072,,,
8,1,1,1,,,,8,0.993234025,0.996187779,0.999141533,,,
8.01,1,1,1,,,,8.01,0.993304419,0.996233213,0.999162006,,,
8.02,1,1,1,,,,8.02,0.993374117,0.996278131,0.999182144,,,
8.03,1,1,1,,,,8.03,0.993443126,0.996322539,0.999201952,,,
8.04,1,1,1,,,,8.04,0.99351145,0.996366442,0.999221434,,,
8.05,1,1,1,,,,8.05,0.993579098,0.996409847,0.999240595,,,
8.06,1,1,1,,,,8.06,0.993646074,0.996452757,0.999259439,,,
8.07,1,1,1,,,,8.07,0.993712386,0.996495178,0.99927797,,,
8.08,1,1,1,,,,8.08,0.993778038,0.996537116,0.999296193,,,
8.09,1,1,1,,,,8.09,0.993843038,0.996578575,0.999314112,,,
8.1,1,1,1,,,,8.1,0.993907391,0.996619561,0.999331731,,,
8.11,1,1,1,,,,8.11,0.993971103,0.996660079,0.999349054,,,
8.12,1,1,1,,,,8.12,0.99403418,0.996700133,0.999366086,,,
8.13,1,1,1,,,,8.13,0.994096627,0.996739729,0.99938283,,,
8.14,1,1,1,,,,8.14,0.994158451,0.996778871,0.999399291,,,
8.15,1,1,1,,,,8.15,0.994219658,0.996817565,0.999415472,,,
8.16,1,1,1,,,,8.16,0.994280252,0.996855815,0.999431378,,,
8.17,1,1,1,,,,8.17,0.99434024,0.996893626,0.999447011,,,
8.18,1,1,1,,,,8.18,0.994399627,0.996931002,0.999462377,,,
8.19,1,1,1,,,,8.19,0.994458419,0.996967949,0.999477478,,,
8.2,1,1,1,,,,8.2,0.994516622,0.997004471,0.999492319,,,
8.21,1,1,1,,,,8.21,0.99457424,0.997040572,0.999506904,,,
8.22,1,1,1,,,,8.22,0.994631279,0.997076257,0.999521234,,,
8.23,1,1,1,,,,8.23,0.994687745,0.997111531,0.999535316,,,
8.24,1,1,1,,,,8.24,0.994743643,0.997146397,0.999549151,,,
8.25,1,1,1,,,,8.25,0.994798978,0.997180861,0.999562744,,,
8.26,1,1,1,,,,8.26,0.994853756,0.997214927,0.999576098,,,
8.27,1,1,1,,,,8.27,0.994907981,0.997248599,0.999589216,,,
8.28,1,1,1,,,,8.28,0.994961659,0.997281881,0.999602102,,,
8.29,1,1,1,,,,8.29,0.995014795,0.997314777,0.999614759,,,
8.3,1,1,1,,,,8.3,0.995067395,0.997347292,0.99962719,,,
8.31,1,1,1,,,,8.31,0.995119462,0.99737943,0.999639399,,,
8.32,1,1,1,,,,8.32,0.995171002,0.997411196,0.999651389,,,
8.33,1,1,1,,,,8.33,0.995222021,0.997442592,0.999663163,,,
8.34,1,1,1,,,,8.34,0.995272522,0.997473623,0.999674723,,,
8.35,1,1,1,,,,8.35,0.995322512,0.997504293,0.999686075,,,
8.36,1,1,1,,,,8.36,0.995371994,0.997534606,0.999697219,,,
8.37,1,1,1,,,,8.37,0.995420973,0.997564567,0.99970816,,,
8.38,1,1,1,,,,8.38,0.995469455,0.997594177,0.9997189,,,
8.39,1,1,1,,,,8.39,0.995517443,0.997623443,0.999729442,,,
8.4,1,1,1,,,,8.4,0.995564944,0.997652367,0.99973979,,,
8.41,1,1,1,,,,8.41,0.99561196,0.997680953,0.999749946,,,
8.42,1,1,1,,,,8.42,0.995658498,0.997709205,0.999759912,,,
8.43,1,1,1,,,,8.43,0.99570456,0.997737126,0.999769692,,,
8.44,1,1,1,,,,8.44,0.995750153,0.997764721,0.999779289,,,
8.45,1,1,1,,,,8.45,0.99579528,0.997791992,0.999788705,,,
8.46,1,1,1,,,,8.46,0.995839946,0.997818944,0.999797942,,,
8.47,1,1,1,,,,8.47,0.995884155,0.99784558,0.999807004,,,
8.48,1,1,1,,,,8.48,0.995927912,0.997871903,0.999815894,,,
8.49,1,1,1,,,,8.49,0.995971221,0.997897917,0.999824613,,,
8.5,1,1,1,,,,8.5,0.996014086,0.997923625,0.999833164,,,
8.51,1,1,1,,,,8.51,0.996056511,0.997949031,0.99984155,,,
8.52,1,1,1,,,,8.52,0.996098502,0.997974138,0.999849774,,,
8.53,1,1,1,,,,8.53,0.996140061,0.997998949,0.999857837,,,
8.54,1,1,1,,,,8.54,0.996181193,0.998023468,0.999865743,,,
8.55,1,1,1,,,,8.55,0.996221902,0.998047697,0.999873493,,,
8.56,1,1,1,,,,8.56,0.996262193,0.998071641,0.99988109,,,
8.57,1,1,1,,,,8.57,0.996302069,0.998095303,0.999888536,,,
8.58,1,1,1,,,,8.58,0.996341534,0.998118684,0.999895835,,,
8.59,1,1,1,,,,8.59,0.996380592,0.998141789,0.999902987,,,
8.6,1,1,1,,,,8.6,0.996419248,0.998164621,0.999909995,,,
8.61,1,1,1,,,,8.61,0.996457505,0.998187183,0.999916862,,,
8.62,1,1,1,,,,8.62,0.996495366,0.998209477,0.999923589,,,
8.63,1,1,1,,,,8.63,0.996532837,0.998231508,0.999930179,,,
8.64,1,1,1,,,,8.64,0.99656992,0.998253277,0.999936633,,,
8.65,1,1,1,,,,8.65,0.996606619,0.998274787,0.999942955,,,
8.66,1,1,1,,,,8.66,0.996642939,0.998296042,0.999949146,,,
8.67,1,1,1,,,,8.67,0.996678882,0.998317045,0.999955208,,,
8.68,1,1,1,,,,8.68,0.996714453,0.998337798,0.999961143,,,
8.69,1,1,1,,,,8.69,0.996749655,0.998358304,0.999966953,,,
8.7,1,1,1,,,,8.7,0.996784492,0.998378566,0.99997264,,,
8.71,1,1,1,,,,8.71,0.996818967,0.998398587,0.999978206,,,
8.72,1,1,1,,,,8.72,0.996853084,0.998418369,0.999983653,,,
8.73,1,1,1,,,,8.73,0.996886846,0.998437915,0.999988983,,,
8.74,1,1,1,,,,8.74,0.996920257,0.998457228,0.999994198,,,
8.75,1,1,1,,,,8.75,0.996953321,0.99847631,0.999999299,,,
8.76,1,1,1,,,,8.76,0.99698604,0.998495164,1,,,
8.77,1,1,1,,,,8.77,0.997018418,0.998513793,1,,,
8.78,1,1,1,,,,8.78,0.997050458,0.998532199,1,,,
8.79,1,1,1,,,,8.79,0.997082165,0.998550385,1,,,
8.8,1,1,1,,,,8.8,0.99711354,0.998568353,1,,,
8.81,1,1,1,,,,8.81,0.997144588,0.998586106,1,,,
8.82,1,1,1,,,,8.82,0.997175311,0.998603646,1,,,
8.83,1,1,1,,,,8.83,0.997205714,0.998620975,1,,,
8.84,1,1,1,,,,8.84,0.997235798,0.998638096,1,,,
8.85,1,1,1,,,,8.85,0.997265567,0.998655012,1,,,
8.86,1,1,1,,,,8.86,0.997295025,0.998671725,1,,,
8.87,1,1,1,,,,8.87,0.997324173,0.998688236,1,,,
8.88,1,1,1,,,,8.88,0.997353017,0.998704549,1,,,
8.89,1,1,1,,,,8.89,0.997381558,0.998720666,1,,,
8.9,1,1,1,,,,8.9,0.997409799,0.998736588,1,,,
8.91,1,1,1,,,,8.91,0.997437743,0.998752319,1,,,
8.92,1,1,1,,,,8.92,0.997465394,0.99876786,1,,,
8.93,1,1,1,,,,8.93,0.997492755,0.998783213,1,,,
8.94,1,1,1,,,,8.94,0.997519827,0.998798381,1,,,
8.95,1,1,1,,,,8.95,0.997546615,0.998813366,1,,,
8.96,1,1,1,,,,8.96,0.997573121,0.99882817,1,,,
8.97,1,1,1,,,,8.97,0.997599347,0.998842794,1,,,
8.98,1,1,1,,,,8.98,0.997625297,0.998857242,1,,,
8.99,1,1,1,,,,8.99,0.997650974,0.998871515,1,,,
9,1,1,1,,,,9,0.99767638,0.998885615,1,,,
9.01,1,1,1,,,,9.01,0.997701517,0.998899544,1,,,
9.02,1,1,1,,,,9.02,0.997726389,0.998913305,1,,,
9.03,1,1,1,,,,9.03,0.997750998,0.998926898,1,,,
9.04,1,1,1,,,,9.04,0.997775347,0.998940326,1,,,
9.05,1,1,1,,,,9.05,0.997799438,0.998953592,1,,,
9.06,1,1,1,,,,9.06,0.997823275,0.998966696,1,,,
9.07,1,1,1,,,,9.07,0.997846859,0.998979641,1,,,
9.08,1,1,1,,,,9.08,0.997870193,0.998992428,1,,,
9.09,1,1,1,,,,9.09,0.997893281,0.99900506,1,,,
9.1,1,1,1,,,,9.1,0.997916123,0.999017538,1,,,
9.11,1,1,1,,,,9.11,0.997938723,0.999029864,1,,,
9.12,1,1,1,,,,9.12,0.997961083,0.99904204,1,,,
9.13,1,1,1,,,,9.13,0.997983206,0.999054067,1,,,
9.14,1,1,1,,,,9.14,0.998005094,0.999065947,1,,,
9.15,1,1,1,,,,9.15,0.998026749,0.999077683,1,,,
9.16,1,1,1,,,,9.16,0.998048174,0.999089275,1,,,
9.17,1,1,1,,,,9.17,0.998069371,0.999100726,1,,,
9.18,1,1,1,,,,9.18,0.998090342,0.999112036,1,,,
9.19,1,1,1,,,,9.19,0.99811109,0.999123208,1,,,
9.2,1,1,1,,,,9.2,0.998131618,0.999134244,1,,,
9.21,1,1,1,,,,9.21,0.998151926,0.999145144,1,,,
9.22,1,1,1,,,,9.22,0.998172018,0.999155911,1,,,
9.23,1,1,1,,,,9.23,0.998191895,0.999166546,1,,,
9.24,1,1,1,,,,9.24,0.998211561,0.99917705,1,,,
9.25,1,1,1,,,,9.25,0.998231017,0.999187426,1,,,
9.26,1,1,1,,,,9.26,0.998250264,0.999197674,1,,,
9.27,1,1,1,,,,9.27,0.998269306,0.999207797,1,,,
9.28,1,1,1,,,,9.28,0.998288145,0.999217795,1,,,
9.29,1,1,1,,,,9.29,0.998306782,0.99922767,1,,,
9.3,1,1,1,,,,9.3,0.99832522,0.999237424,1,,,
9.31,1,1,1,,,,9.31,0.99834346,0.999247057,1,,,
9.32,1,1,1,,,,9.32,0.998361506,0.999256573,1,,,
9.33,1,1,1,,,,9.33,0.998379357,0.999265971,1,,,
9.34,1,1,1,,,,9.34,0.998397018,0.999275253,1,,,
9.35,1,1,1,,,,9.35,0.998414489,0.999284421,1,,,
9.36,1,1,1,,,,9.36,0.998431773,0.999293475,1,,,
9.37,1,1,1,,,,9.37,0.998448871,0.999302419,1,,,
9.38,1,1,1,,,,9.38,0.998465786,0.999311251,1,,,
9.39,1,1,1,,,,9.39,0.99848252,0.999319975,1,,,
9.4,1,1,1,,,,9.4,0.998499073,0.999328591,1,,,
9.41,1,1,1,,,,9.41,0.998515449,0.9993371,1,,,
9.42,1,1,1,,,,9.42,0.998531648,0.999345504,1,,,
9.43,1,1,1,,,,9.43,0.998547674,0.999353804,1,,,
9.44,1,1,1,,,,9.44,0.998563527,0.999362002,1,,,
9.45,1,1,1,,,,9.45,0.998579209,0.999370098,1,,,
9.46,1,1,1,,,,9.46,0.998594723,0.999378093,1,,,
9.47,1,1,1,,,,9.47,0.998610069,0.99938599,1,,,
9.48,1,1,1,,,,9.48,0.99862525,0.999393788,1,,,
9.49,1,1,1,,,,9.49,0.998640268,0.99940149,1,,,
9.5,1,1,1,,,,9.5,0.998655123,0.999409097,1,,,
9.51,1,1,1,,,,9.51,0.998669819,0.999416609,1,,,
9.52,1,1,1,,,,9.52,0.998684355,0.999424027,1,,,
9.53,1,1,1,,,,9.53,0.998698735,0.999431354,1,,,
9.54,1,1,1,,,,9.54,0.99871296,0.999438589,1,,,
9.55,1,1,1,,,,9.55,0.998727031,0.999445735,1,,,
9.56,1,1,1,,,,9.56,0.998740949,0.999452791,1,,,
9.57,1,1,1,,,,9.57,0.998754718,0.99945976,1,,,
9.58,1,1,1,,,,9.58,0.998768337,0.999466642,1,,,
9.59,1,1,1,,,,9.59,0.99878181,0.999473438,1,,,
9.6,1,1,1,,,,9.6,0.998795136,0.999480149,1,,,
9.61,1,1,1,,,,9.61,0.998808318,0.999486777,1,,,
9.62,1,1,1,,,,9.62,0.998821358,0.999493322,1,,,
9.63,1,1,1,,,,9.63,0.998834256,0.999499786,1,,,
9.64,1,1,1,,,,9.64,0.998847014,0.999506169,1,,,
9.65,1,1,1,,,,9.65,0.998859634,0.999512472,1,,,
9.66,1,1,1,,,,9.66,0.998872118,0.999518696,1,,,
9.67,1,1,1,,,,9.67,0.998884466,0.999524843,1,,,
9.68,1,1,1,,,,9.68,0.99889668,0.999530913,1,,,
9.69,1,1,1,,,,9.69,0.998908761,0.999536906,1,,,
9.7,1,1,1,,,,9.7,0.998920712,0.999542825,1,,,
9.71,1,1,1,,,,9.71,0.998932532,0.99954867,1,,,
9.72,1,1,1,,,,9.72,0.998944224,0.999554442,1,,,
9.73,1,1,1,,,,9.73,0.998955789,0.999560141,1,,,
9.74,1,1,1,,,,9.74,0.998967229,0.999565769,1,,,
9.75,1,1,1,,,,9.75,0.998978544,0.999571326,1,,,
9.76,1,1,1,,,,9.76,0.998989736,0.999576814,1,,,
9.77,1,1,1,,,,9.77,0.999000806,0.999582233,1,,,
9.78,1,1,1,,,,9.78,0.999011756,0.999587583,1,,,
9.79,1,1,1,,,,9.79,0.999022587,0.999592867,1,,,
9.8,1,1,1,,,,9.8,0.999033299,0.999598084,1,,,
9.81,1,1,1,,,,9.81,0.999043895,0.999603236,1,,,
9.82,1,1,1,,,,9.82,0.999054376,0.999608323,1,,,
9.83,1,1,1,,,,9.83,0.999064742,0.999613346,1,,,
9.84,1,1,1,,,,9.84,0.999074996,0.999618305,1,,,
9.85,1,1,1,,,,9.85,0.999085137,0.999623203,1,,,
9.86,1,1,1,,,,9.86,0.999095168,0.999628038,1,,,
9.87,1,1,1,,,,9.87,0.99910509,0.999632813,1,,,
9.88,1,1,1,,,,9.88,0.999114903,0.999637528,1,,,
9.89,1,1,1,,,,9.89,0.999124609,0.999642183,1,,,
9.9,1,1,1,,,,9.9,0.999134209,0.99964678,1,,,
9.91,1,1,1,,,,9.91,0.999143705,0.999651318,1,,,
9.92,1,1,1,,,,9.92,0.999153096,0.9996558,1,,,
9.93,1,1,1,,,,9.93,0.999162386,0.999660225,1,,,
9.94,1,1,1,,,,9.94,0.999171573,0.999664593,1,,,
9.95,1,1,1,,,,9.95,0.99918066,0.999668907,1,,,
9.96,1,1,1,,,,9.96,0.999189648,0.999673166,1,,,
9.97,1,1,1,,,,9.97,0.999198537,0.999677372,1,,,
9.98,1,1,1,,,,9.98,0.99920733,0.999681524,1,,,
9.99,1,1,1,,,,9.99,0.999216026,0.999685624,1,,,
10,1,1,1,,,,10,0.999224627,0.999689672,1,,,
