D2,,,,parameters of the mean fragility,,,D3,,,,parameters of the mean fragility,,
flow depth [m],mean-1sigma fragility,mean fragility,mean+1sigma fragility,median,logarithmic standard deviation,epistemic uncertainty,flow depth [m],mean-1sigma fragility,mean fragility,mean+1sigma fragility,median,logarithmic standard deviation,epistemic uncertainty
0.000001,0,0.0001877,0.001041383,0.800852667,0.864232614,0.154351143,0.000001,0,5.41172E-06,8.80264E-05,1.1921582,0.656505433,0.227596702
0.01,0,0.015426377,0.047796396,,,,0.01,0,0.000892461,0.006628473,,,
0.02,0,0.023414918,0.066784384,,,,0.02,0,0.001555652,0.009796527,,,
0.03,0,0.030277253,0.08182094,,,,0.03,0,0.002215607,0.012521599,,,
0.04,0,0.036587187,0.094878049,,,,0.04,0,0.002891337,0.015055759,,,
0.05,0,0.042565818,0.106699974,,,,0.05,0,0.003589849,0.017492542,,,
0.06,0,0.048325993,0.117661651,,,,0.06,0,0.004314738,0.01987822,,,
0.07,0,0.053934447,0.127982628,,,,0.07,0,0.005068266,0.022239444,,,
0.08,0,0.059434479,0.137804162,,,,0.08,0,0.005852081,0.024593141,,,
0.09,0,0.064856048,0.147223243,,,,0.09,0,0.006667519,0.026950839,,,
0.1,0,0.070220891,0.156309708,,,,0.1,0,0.007515751,0.029320821,,,
0.11,0,0.075545368,0.165115706,,,,0.11,0,0.008397856,0.031709305,,,
0.12,0,0.080842153,0.173681302,,,,0.12,0,0.009314866,0.034121133,,,
0.13,0,0.086121299,0.182037995,,,,0.13,0,0.010267791,0.036560195,,,
0.14,0,0.091390937,0.190211021,,,,0.14,0,0.011257636,0.039029706,,,
0.15,0,0.096657756,0.198220915,,,,0.15,0,0.012285406,0.041532393,,,
0.16,0,0.10192733,0.206084605,,,,0.16,0,0.013352119,0.044070618,,,
0.17,0.000592529,0.107204366,0.213816202,,,,0.17,0,0.014458805,0.046646468,,,
0.18,0.003558169,0.112492873,0.221427577,,,,0.18,0,0.015606513,0.049261822,,,
0.19,0.006663807,0.117796302,0.228928797,,,,0.19,0,0.01679631,0.051918398,,,
0.2,0.009906831,0.123117642,0.236328454,,,,0.2,0,0.018029285,0.054617786,,,
0.21,0.013285077,0.128459499,0.243633921,,,,0.21,0,0.019306549,0.057361475,,,
0.22,0.016796761,0.133824159,0.250851557,,,,0.22,0,0.020629234,0.060150876,,,
0.23,0.020440404,0.139213633,0.257986863,,,,0.23,0,0.021998498,0.062987333,,,
0.24,0.024214792,0.144629702,0.265044612,,,,0.24,0,0.023415521,0.065872136,,,
0.25,0.028118925,0.150073939,0.272028954,,,,0.25,0,0.024881509,0.068806532,,,
0.26,0.03215199,0.155547745,0.2789435,,,,0.26,0,0.026397689,0.071791726,,,
0.27,0.036313327,0.161052361,0.285791395,,,,0.27,0,0.027965316,0.074828892,,,
0.28,0.040602407,0.166588891,0.292575375,,,,0.28,0,0.029585666,0.077919171,,,
0.29,0.045018811,0.172158313,0.299297815,,,,0.29,0,0.031260043,0.081063677,,,
0.3,0.049562212,0.177761494,0.305960776,,,,0.3,0,0.032989772,0.084263496,,,
0.31,0.054232358,0.183399195,0.312566033,,,,0.31,0,0.034776203,0.087519691,,,
0.32,0.059029062,0.189072086,0.319115111,,,,0.32,0,0.03662071,0.090833293,,,
0.33,0.063952185,0.194780747,0.32560931,,,,0.33,0,0.038524689,0.094205313,,,
0.34,0.06900163,0.200525678,0.332049726,,,,0.34,0,0.040489561,0.097636729,,,
0.35,0.074177328,0.206307299,0.33843727,,,,0.35,0,0.042516767,0.101128497,,,
0.36,0.079479234,0.212125962,0.344772691,,,,0.36,0,0.04460777,0.104681539,,,
0.37,0.084907313,0.217981948,0.351056582,,,,0.37,0,0.046764055,0.108296751,,,
0.38,0.090461537,0.223875469,0.357289401,,,,0.38,0,0.048987126,0.111974996,,,
0.39,0.096141876,0.229806678,0.363471479,,,,0.39,0,0.051278504,0.115717107,,,
0.4,0.101948291,0.235775662,0.369603033,,,,0.4,0,0.053639732,0.11952388,,,
0.41,0.107880731,0.241782452,0.375684174,,,,0.41,0,0.056072363,0.123396083,,,
0.42,0.11393912,0.247827017,0.381714914,,,,0.42,0,0.058577971,0.127334443,,,
0.43,0.120123359,0.253909269,0.38769518,,,,0.43,0,0.06115814,0.131339658,,,
0.44,0.126433315,0.260029064,0.393624814,,,,0.44,0,0.063814463,0.135412386,,,
0.45,0.132868818,0.266186201,0.399503585,,,,0.45,0,0.066548547,0.139553252,,,
0.46,0.139429653,0.272380422,0.405331192,,,,0.46,0,0.069362002,0.143762845,,,
0.47,0.146115557,0.278611415,0.411107274,,,,0.47,0,0.072256443,0.148041721,,,
0.48,0.152926214,0.284878812,0.41683141,,,,0.48,0,0.075233487,0.152390401,,,
0.49,0.159861247,0.291182187,0.422503128,,,,0.49,0,0.07829475,0.156809372,,,
0.5,0.166920214,0.297521062,0.42812191,,,,0.5,0.00158459,0.081441842,0.161299093,,,
0.51,0.174102603,0.3038949,0.433687197,,,,0.51,0.003492735,0.084676363,0.165859992,,,
0.52,0.181407827,0.310303109,0.439198391,,,,0.52,0.005507341,0.087999905,0.170492468,,,
0.53,0.188835215,0.31674504,0.444654864,,,,0.53,0.007631176,0.091414037,0.175196899,,,
0.54,0.196384013,0.323219986,0.450055958,,,,0.54,0.009866989,0.094920313,0.179973638,,,
0.55,0.204053372,0.329727183,0.455400994,,,,0.55,0.012217495,0.098520258,0.18482302,,,
0.56,0.211842346,0.33626581,0.460689274,,,,0.56,0.014685362,0.102215363,0.189745365,,,
0.57,0.219749884,0.342834986,0.465920087,,,,0.57,0.017273194,0.106007087,0.19474098,,,
0.58,0.227774828,0.349433769,0.471092711,,,,0.58,0.019983519,0.109896843,0.199810167,,,
0.59,0.235915901,0.356061161,0.476206421,,,,0.59,0.022818768,0.113885995,0.204953222,,,
0.6,0.244171709,0.3627161,0.481260492,,,,0.6,0.025781259,0.117975851,0.210170444,,,
0.61,0.252540727,0.369397466,0.486254205,,,,0.61,0.028873174,0.122167657,0.215462141,,,
0.62,0.261021299,0.376104074,0.49118685,,,,0.62,0.032096542,0.126462587,0.220828631,,,
0.63,0.26961163,0.382834681,0.496057732,,,,0.63,0.035453216,0.130861736,0.226270255,,,
0.64,0.278309778,0.389587977,0.500866177,,,,0.64,0.038944848,0.135366113,0.231787378,,,
0.65,0.28711365,0.396362594,0.505611537,,,,0.65,0.042572866,0.139976633,0.2373804,,,
0.66,0.296020997,0.403157095,0.510293193,,,,0.66,0.046338445,0.144694104,0.243049763,,,
0.67,0.305029404,0.409969984,0.514910565,,,,0.67,0.050242486,0.149519221,0.248795957,,,
0.68,0.314136289,0.4167997,0.519463111,,,,0.68,0.054285582,0.154452558,0.254619533,,,
0.69,0.323338891,0.423644617,0.523950342,,,,0.69,0.058467991,0.159494551,0.260521111,,,
0.7,0.332634271,0.430503044,0.528371818,,,,0.7,0.062789606,0.164645497,0.266501388,,,
0.71,0.342019299,0.43737323,0.53272716,,,,0.71,0.067249925,0.169905537,0.272561148,,,
0.72,0.351490655,0.444253356,0.537016057,,,,0.72,0.071848019,0.175274647,0.278701274,,,
0.73,0.361044817,0.451141542,0.541238267,,,,0.73,0.076582504,0.180752628,0.284922752,,,
0.74,0.370678063,0.458035845,0.545393627,,,,0.74,0.081451507,0.186339095,0.291226684,,,
0.75,0.380386458,0.464934258,0.549482059,,,,0.75,0.086452643,0.192033467,0.297614292,,,
0.76,0.390165856,0.471834716,0.553503576,,,,0.76,0.091582987,0.197834954,0.304086921,,,
0.77,0.400011893,0.478735091,0.55745829,,,,0.77,0.09683905,0.203742547,0.310646045,,,
0.78,0.40991998,0.485633197,0.561346414,,,,0.78,0.102216762,0.209755011,0.31729326,,,
0.79,0.419885304,0.492526789,0.565168273,,,,0.79,0.107711458,0.215870868,0.324030279,,,
0.8,0.429902825,0.499413568,0.568924312,,,,0.8,0.113317873,0.222088397,0.330858921,,,
0.81,0.439967268,0.506291182,0.572615095,,,,0.81,0.119030138,0.228405616,0.337781093,,,
0.82,0.450073127,0.513157223,0.57624132,,,,0.82,0.124841793,0.234820279,0.344798765,,,
0.83,0.46021466,0.52000924,0.57980382,,,,0.83,0.130745802,0.241329869,0.351913935,,,
0.84,0.47038589,0.526844731,0.583303571,,,,0.84,0.136734587,0.247931587,0.359128588,,,
0.85,0.480580605,0.533661152,0.586741699,,,,0.85,0.142800063,0.254622356,0.366444648,,,
0.86,0.490792355,0.540455922,0.59011949,,,,0.86,0.148933695,0.261398806,0.373863917,,,
0.87,0.501014452,0.547226422,0.593438391,,,,0.87,0.155126559,0.268257283,0.381388007,,,
0.88,0.511239973,0.553970001,0.596700029,,,,0.88,0.161369416,0.27519384,0.389018264,,,
0.89,0.521461748,0.560683984,0.599906219,,,,0.89,0.167652805,0.282204247,0.396755688,,,
0.9,0.531672353,0.567365671,0.603058988,,,,0.9,0.173967131,0.289283986,0.404600841,,,
0.91,0.541864087,0.574012347,0.606160607,,,,0.91,0.18030277,0.296428266,0.412553762,,,
0.92,0.552028923,0.580621288,0.609213652,,,,0.92,0.18665018,0.303632025,0.42061387,,,
0.93,0.562158409,0.587189762,0.612221115,,,,0.93,0.193000011,0.310889947,0.428779882,,,
0.94,0.572243453,0.593715042,0.61518663,,,,0.94,0.199343213,0.31819647,0.437049726,,,
0.95,0.582273846,0.600194408,0.618114969,,,,0.95,0.205671144,0.325545808,0.445420471,,,
0.96,0.592237043,0.606625158,0.621013273,,,,0.96,0.211975671,0.332931969,0.453888268,,,
0.97,0.602114609,0.613004613,0.623894617,,,,0.97,0.218249257,0.340348781,0.462448304,,,
0.98,0.611868934,0.619330126,0.626791318,,,,0.98,0.224485035,0.34778991,0.471094785,,,
0.99,0.621368219,0.625599092,0.629829964,,,,0.99,0.230676868,0.355248899,0.47982093,,,
1,0.629620672,0.631808952,0.633997231,,,,1,0.236819388,0.362719193,0.488618999,,,
1.01,0.63399557,0.637957206,0.641918841,,,,1.01,0.24290801,0.370194176,0.497480341,,,
1.02,0.636981621,0.64404142,0.65110122,,,,1.02,0.248938936,0.377667204,0.506395472,,,
1.03,0.639748108,0.650059236,0.660370365,,,,1.03,0.254909127,0.385131649,0.515354171,,,
1.04,0.642439984,0.65600838,0.669576776,,,,1.04,0.260816258,0.392580933,0.524345609,,,
1.05,0.645092396,0.66188667,0.678680943,,,,1.05,0.26665866,0.400008572,0.533358484,,,
1.06,0.647719013,0.667692025,0.687665036,,,,1.06,0.272435244,0.407408211,0.542381179,,,
1.07,0.650326995,0.673422474,0.696517953,,,,1.07,0.278145415,0.414773668,0.55140192,,,
1.08,0.652920906,0.679076164,0.705231421,,,,1.08,0.28378899,0.422098965,0.56040894,,,
1.09,0.65550404,0.684651365,0.71379869,,,,1.09,0.289366103,0.429378366,0.569390629,,,
1.1,0.658078937,0.690146479,0.72221402,,,,1.1,0.294877133,0.436606404,0.578335675,,,
1.11,0.660647627,0.695560044,0.730472462,,,,1.11,0.300322628,0.443777906,0.587233184,,,
1.12,0.663211737,0.700890742,0.738569748,,,,1.12,0.305703251,0.450888012,0.596072773,,,
1.13,0.665772556,0.706137399,0.746502242,,,,1.13,0.311019738,0.457932188,0.604844637,,,
1.14,0.668331076,0.711298991,0.754266905,,,,1.14,0.316272869,0.464906234,0.613539599,,,
1.15,0.670888012,0.716374644,0.761861276,,,,1.15,0.321463449,0.471806287,0.622149124,,,
1.16,0.673443826,0.721363638,0.769283449,,,,1.16,0.326592304,0.478628814,0.630665323,,,
1.17,0.675998751,0.726265404,0.776532057,,,,1.17,0.331660275,0.485370608,0.639080942,,,
1.18,0.678552804,0.731079525,0.783606247,,,,1.18,0.336668217,0.49202878,0.647389343,,,
1.19,0.681105809,0.735805732,0.790505655,,,,1.19,0.341617,0.498600741,0.655584482,,,
1.2,0.683657421,0.740443902,0.797230382,,,,1.2,0.346507502,0.505084195,0.663660888,,,
1.21,0.686207143,0.744994051,0.80378096,,,,1.21,0.351340604,0.511477125,0.671613645,,,
1.22,0.688754347,0.749456336,0.810158326,,,,1.22,0.356117183,0.517777782,0.679438381,,,
1.23,0.691298297,0.753831042,0.816363787,,,,1.23,0.360838098,0.523984676,0.687131254,,,
1.24,0.693838169,0.758118578,0.822398986,,,,1.24,0.365504184,0.530096567,0.69468895,,,
1.25,0.696373066,0.762319471,0.828265876,,,,1.25,0.370116238,0.536112454,0.70210867,,,
1.26,0.698902037,0.766434359,0.833966682,,,,1.26,0.374675015,0.542031572,0.709388129,,,
1.27,0.701424093,0.770463984,0.839503874,,,,1.27,0.37918122,0.547853381,0.716525542,,,
1.28,0.703938223,0.774409181,0.844880138,,,,1.28,0.383635506,0.553577558,0.72351961,,,
1.29,0.706443401,0.778270874,0.850098346,,,,1.29,0.38803847,0.559203988,0.730369505,,,
1.3,0.708938602,0.782050068,0.855161533,,,,1.3,0.392390655,0.564732751,0.737074848,,,
1.31,0.711422808,0.785747839,0.860072869,,,,1.31,0.396692552,0.570164116,0.743635679,,,
1.32,0.713895019,0.789365329,0.864835639,,,,1.32,0.400944604,0.575498521,0.750052438,,,
1.33,0.716354258,0.79290374,0.869453221,,,,1.33,0.405147207,0.580736566,0.756325924,,,
1.34,0.718799578,0.796364322,0.873929067,,,,1.34,0.409300721,0.585878996,0.762457271,,,
1.35,0.721230066,0.799748374,0.878266681,,,,1.35,0.41340547,0.590926691,0.768447911,,,
1.36,0.723644848,0.803057229,0.882469609,,,,1.36,0.417461749,0.595880646,0.774299542,,,
1.37,0.726043094,0.806292255,0.886541417,,,,1.37,0.421469835,0.600741964,0.780014094,,,
1.38,0.728424016,0.809454848,0.89048568,,,,1.38,0.425429983,0.605511841,0.785593699,,,
1.39,0.730786877,0.812546424,0.89430597,,,,1.39,0.429342442,0.610191552,0.791040661,,,
1.4,0.733130986,0.815568414,0.898005841,,,,1.4,0.433207452,0.614782438,0.796357425,,,
1.41,0.735455703,0.818522262,0.901588821,,,,1.41,0.437025251,0.619285902,0.801546553,,,
1.42,0.737760439,0.82140942,0.905058401,,,,1.42,0.440796081,0.62370339,0.806610699,,,
1.43,0.740044653,0.824231341,0.908418029,,,,1.43,0.444520189,0.628036386,0.811552584,,,
1.44,0.742307856,0.826989478,0.9116711,,,,1.44,0.448197828,0.632286404,0.81637498,,,
1.45,0.74454961,0.82968528,0.91482095,,,,1.45,0.451829267,0.636454979,0.821080691,,,
1.46,0.746769522,0.832320187,0.917870852,,,,1.46,0.455414782,0.640543658,0.825672533,,,
1.47,0.748967248,0.834895628,0.920824009,,,,1.47,0.458954669,0.644553998,0.830153326,,,
1.48,0.75114249,0.837413021,0.923683552,,,,1.48,0.462449236,0.648487558,0.83452588,,,
1.49,0.753294993,0.839873766,0.92645254,,,,1.49,0.465898808,0.652345895,0.838792983,,,
1.5,0.755424545,0.842279247,0.929133949,,,,1.5,0.469303727,0.65613056,0.842957393,,,
1.51,0.757530972,0.844630825,0.931730679,,,,1.51,0.472664353,0.659843095,0.847021836,,,
1.52,0.759614139,0.846929845,0.934245551,,,,1.52,0.475981063,0.663485026,0.85098899,,,
1.53,0.761673948,0.849177624,0.936681301,,,,1.53,0.479254249,0.667057869,0.85486149,,,
1.54,0.763710332,0.85137546,0.939040588,,,,1.54,0.48248432,0.670563119,0.858641918,,,
1.55,0.765723258,0.853524623,0.941325988,,,,1.55,0.485671701,0.674002252,0.862332802,,,
1.56,0.767712721,0.855626359,0.943539997,,,,1.56,0.488816831,0.677376723,0.865936615,,,
1.57,0.769678743,0.857681888,0.945685034,,,,1.57,0.491920163,0.680687966,0.86945577,,,
1.58,0.771621373,0.859692405,0.947763436,,,,1.58,0.494982162,0.683937392,0.872892622,,,
1.59,0.77354068,0.861659074,0.949777468,,,,1.59,0.498003303,0.687126385,0.876249466,,,
1.6,0.775436759,0.863583038,0.951729317,,,,1.6,0.500984074,0.690256306,0.879528538,,,
1.61,0.77730972,0.865465408,0.953621097,,,,1.61,0.50392497,0.69332849,0.882732011,,,
1.62,0.779159694,0.867307272,0.955454849,,,,1.62,0.506826494,0.696344247,0.885862001,,,
1.63,0.780986828,0.869109687,0.957232546,,,,1.63,0.509689155,0.69930486,0.888920564,,,
1.64,0.782791283,0.870873688,0.958956093,,,,1.64,0.512513468,0.702211583,0.891909697,,,
1.65,0.784573233,0.87260028,0.960627327,,,,1.65,0.515299952,0.705065647,0.894831342,,,
1.66,0.786332866,0.874290444,0.962248021,,,,1.66,0.518049128,0.707868254,0.897687381,,,
1.67,0.788070379,0.875945134,0.963819888,,,,1.67,0.52076152,0.710620581,0.900479642,,,
1.68,0.78978598,0.877565279,0.965344579,,,,1.68,0.523437652,0.713323777,0.903209901,,,
1.69,0.791479884,0.879151784,0.966823685,,,,1.69,0.52607805,0.715978964,0.905879879,,,
1.7,0.793152315,0.880705529,0.968258742,,,,1.7,0.528683237,0.718587241,0.908491246,,,
1.71,0.794803503,0.882227368,0.969651233,,,,1.71,0.531253736,0.721149678,0.91104562,,,
1.72,0.796433684,0.883718134,0.971002585,,,,1.72,0.533790067,0.72366732,0.913544573,,,
1.73,0.798043098,0.885178637,0.972314176,,,,1.73,0.536292749,0.726141187,0.915989626,,,
1.74,0.799631991,0.886609662,0.973587333,,,,1.74,0.538762294,0.728572275,0.918382257,,,
1.75,0.801200611,0.888011974,0.974823337,,,,1.75,0.541199213,0.730961554,0.920723895,,,
1.76,0.80274921,0.889386316,0.976023423,,,,1.76,0.543604012,0.73330997,0.923015928,,,
1.77,0.80427804,0.89073341,0.977188779,,,,1.77,0.545977191,0.735618445,0.925259699,,,
1.78,0.805787358,0.892053957,0.978320555,,,,1.78,0.548319247,0.737887879,0.927456512,,,
1.79,0.807277421,0.893348638,0.979419855,,,,1.79,0.550630669,0.740119148,0.929607627,,,
1.8,0.808748485,0.894618115,0.980487745,,,,1.8,0.552911942,0.742313105,0.931714268,,,
1.81,0.810200808,0.895863031,0.981525255,,,,1.81,0.555163543,0.744470581,0.933777619,,,
1.82,0.811634649,0.897084011,0.982533374,,,,1.82,0.557385945,0.746592387,0.935798828,,,
1.83,0.813050265,0.898281661,0.983513058,,,,1.83,0.559579613,0.74867931,0.937779008,,,
1.84,0.814447912,0.89945657,0.984465228,,,,1.84,0.561745006,0.75073212,0.939719234,,,
1.85,0.815827848,0.90060931,0.985390771,,,,1.85,0.563882576,0.752751564,0.941620552,,,
1.86,0.817190326,0.901740435,0.986290545,,,,1.86,0.565992768,0.75473837,0.943483971,,,
1.87,0.818535599,0.902850487,0.987165374,,,,1.87,0.56807602,0.756693246,0.945310473,,,
1.88,0.81986392,0.903939988,0.988016055,,,,1.88,0.570132764,0.758616885,0.947101005,,,
1.89,0.821175539,0.905009446,0.988843354,,,,1.89,0.572163425,0.760509956,0.948856487,,,
1.9,0.822470702,0.906059357,0.989648013,,,,1.9,0.574168421,0.762373116,0.950577811,,,
1.91,0.823749656,0.9070902,0.990430743,,,,1.91,0.576148161,0.764207,0.95226584,,,
1.92,0.825012644,0.908102439,0.991192235,,,,1.92,0.57810305,0.766012231,0.953921412,,,
1.93,0.826259906,0.909096529,0.991933152,,,,1.93,0.580033485,0.767789411,0.955545337,,,
1.94,0.827491681,0.910072907,0.992654134,,,,1.94,0.581939856,0.769539129,0.957138403,,,
1.95,0.828708205,0.911032002,0.993355798,,,,1.95,0.583822547,0.771261959,0.958701372,,,
1.96,0.82990971,0.911974226,0.994038742,,,,1.96,0.585681935,0.772958459,0.960234984,,,
1.97,0.831096427,0.912899983,0.99470354,,,,1.97,0.587518391,0.774629173,0.961739956,,,
1.98,0.832268583,0.913809664,0.995350746,,,,1.98,0.589332278,0.776274631,0.963216985,,,
1.99,0.833426401,0.914703648,0.995980896,,,,1.99,0.591123955,0.77789535,0.964666746,,,
2,0.834570104,0.915582305,0.996594507,,,,2,0.592893772,0.779491833,0.966089894,,,
2.01,0.835699909,0.916445993,0.997192077,,,,2.01,0.594642077,0.781064571,0.967487066,,,
2.02,0.836816032,0.91729506,0.997774087,,,,2.02,0.596369207,0.782614043,0.968858878,,,
2.03,0.837918685,0.918129844,0.998341004,,,,2.03,0.598075497,0.784140714,0.970205931,,,
2.04,0.839008077,0.918950675,0.998893274,,,,2.04,0.599761274,0.785645041,0.971528807,,,
2.05,0.840084414,0.919757873,0.999431331,,,,2.05,0.601426861,0.787127466,0.972828072,,,
2.06,0.841147899,0.920551747,0.999955594,,,,2.06,0.603072574,0.788588424,0.974104274,,,
2.07,0.842198732,0.9213326,1.000466467,,,,2.07,0.604698723,0.790028335,0.975357948,,,
2.08,0.84323711,0.922100725,1.00096434,,,,2.08,0.606305615,0.791447614,0.976589612,,,
2.09,0.844263226,0.922856408,1.00144959,,,,2.09,0.60789355,0.792846661,0.977799771,,,
2.1,0.845277272,0.923599926,1.001922581,,,,2.1,0.609462823,0.794225869,0.978988916,,,
2.11,0.846279434,0.924331549,1.002383665,,,,2.11,0.611013724,0.795585623,0.980157522,,,
2.12,0.847269897,0.92505154,1.002833183,,,,2.12,0.612546537,0.796926295,0.981306053,,,
2.13,0.848248843,0.925760154,1.003271464,,,,2.13,0.614061544,0.798248252,0.98243496,,,
2.14,0.849216451,0.926457638,1.003698825,,,,2.14,0.615559019,0.79955185,0.983544681,,,
2.15,0.850172896,0.927144235,1.004115573,,,,2.15,0.617039232,0.800837438,0.984635643,,,
2.16,0.851118351,0.927820179,1.004522007,,,,2.16,0.61850245,0.802105356,0.985708261,,,
2.17,0.852052985,0.928485699,1.004918413,,,,2.17,0.619948934,0.803355936,0.986762939,,,
2.18,0.852976966,0.929141017,1.005305068,,,,2.18,0.62137894,0.804589505,0.987800069,,,
2.19,0.853890458,0.929786351,1.005682243,,,,2.19,0.622792721,0.805806378,0.988820035,,,
2.2,0.854793622,0.93042191,1.006050198,,,,2.2,0.624190524,0.807006866,0.989823208,,,
2.21,0.855686617,0.9310479,1.006409183,,,,2.21,0.625572594,0.808191273,0.990809952,,,
2.22,0.856569599,0.931664521,1.006759443,,,,2.22,0.626939169,0.809359893,0.991780618,,,
2.23,0.85744272,0.932271967,1.007101214,,,,2.23,0.628290484,0.810513018,0.992735552,,,
2.24,0.858306132,0.932870428,1.007434723,,,,2.24,0.629626772,0.811650929,0.993675087,,,
2.25,0.859159982,0.933460087,1.007760192,,,,2.25,0.630948258,0.812773904,0.99459955,,,
2.26,0.860004416,0.934041125,1.008077835,,,,2.26,0.632255167,0.813882212,0.995509258,,,
2.27,0.860839576,0.934613718,1.00838786,,,,2.27,0.633547717,0.814976119,0.996404521,,,
2.28,0.861665602,0.935178034,1.008690466,,,,2.28,0.634826123,0.816055882,0.99728564,,,
2.29,0.862482633,0.935734241,1.008985849,,,,2.29,0.636090599,0.817121754,0.99815291,,,
2.3,0.863290804,0.9362825,1.009274196,,,,2.3,0.637341351,0.818173983,0.999006616,,,
2.31,0.864090248,0.93682297,1.009555692,,,,2.31,0.638578583,0.819212811,0.999847038,,,
2.32,0.864881096,0.937355804,1.009830512,,,,2.32,0.639802498,0.820238473,1.000674447,,,
2.33,0.865663476,0.937881152,1.010098828,,,,2.33,0.641013292,0.821251201,1.00148911,,,
2.34,0.866437514,0.938399161,1.010360808,,,,2.34,0.642211158,0.822251221,1.002291284,,,
2.35,0.867203334,0.938909973,1.010616611,,,,2.35,0.643396288,0.823238755,1.003081221,,,
2.36,0.867961058,0.939413727,1.010866395,,,,2.36,0.644568868,0.824214018,1.003859168,,,
2.37,0.868710806,0.939910558,1.011110311,,,,2.37,0.645729083,0.825177224,1.004625365,,,
2.38,0.869452694,0.9404006,1.011348507,,,,2.38,0.646877112,0.826128579,1.005380045,,,
2.39,0.870186839,0.940883982,1.011581125,,,,2.39,0.648013134,0.827068286,1.006123437,,,
2.4,0.870913353,0.941360828,1.011808304,,,,2.4,0.649137322,0.827996543,1.006855764,,,
2.41,0.871632348,0.941831263,1.012030178,,,,2.41,0.650249848,0.828913545,1.007577242,,,
2.42,0.872343934,0.942295406,1.012246879,,,,2.42,0.651350881,0.829819482,1.008288084,,,
2.43,0.873048217,0.942753375,1.012458533,,,,2.43,0.652440585,0.830714541,1.008988496,,,
2.44,0.873745304,0.943205284,1.012665263,,,,2.44,0.653519123,0.831598902,1.009678682,,,
2.45,0.874435298,0.943651243,1.012867189,,,,2.45,0.654586654,0.832472746,1.010358838,,,
2.46,0.8751183,0.944091363,1.013064427,,,,2.46,0.655643336,0.833336247,1.011029157,,,
2.47,0.875794412,0.94452575,1.013257089,,,,2.47,0.656689323,0.834189575,1.011689827,,,
2.48,0.876463731,0.944954508,1.013445285,,,,2.48,0.657724765,0.835032898,1.012341031,,,
2.49,0.877126354,0.945377738,1.013629123,,,,2.49,0.658749812,0.835866381,1.01298295,,,
2.5,0.877782376,0.94579554,1.013808704,,,,2.5,0.65976461,0.836690184,1.013615757,,,
2.51,0.878431891,0.946208011,1.013984131,,,,2.51,0.660769302,0.837504464,1.014239626,,,
2.52,0.879074989,0.946615244,1.0141555,,,,2.52,0.66176403,0.838309376,1.014854722,,,
2.53,0.879711761,0.947017334,1.014322907,,,,2.53,0.662748933,0.839105071,1.015461209,,,
2.54,0.880342295,0.947414369,1.014486444,,,,2.54,0.663724146,0.839891696,1.016059247,,,
2.55,0.880966678,0.94780644,1.014646201,,,,2.55,0.664689804,0.840669398,1.016648992,,,
2.56,0.881584997,0.948193631,1.014802266,,,,2.56,0.665646039,0.841438318,1.017230597,,,
2.57,0.882197333,0.948576029,1.014954724,,,,2.57,0.666592979,0.842198595,1.01780421,,,
2.58,0.882803771,0.948953715,1.015103658,,,,2.58,0.667530753,0.842950366,1.018369978,,,
2.59,0.883404391,0.949326769,1.015249147,,,,2.59,0.668459485,0.843693764,1.018928043,,,
2.6,0.883999274,0.949695273,1.015391272,,,,2.6,0.669379298,0.844428922,1.019478545,,,
2.61,0.884588496,0.950059301,1.015530107,,,,2.61,0.670290314,0.845155967,1.02002162,,,
2.62,0.885172135,0.950418931,1.015665727,,,,2.62,0.67119265,0.845875026,1.020557401,,,
2.63,0.885750268,0.950774237,1.015798205,,,,2.63,0.672086425,0.846586221,1.021086018,,,
2.64,0.886322968,0.951125289,1.015927611,,,,2.64,0.672971752,0.847289676,1.0216076,,,
2.65,0.886890308,0.951472161,1.016054014,,,,2.65,0.673848745,0.847985508,1.02212227,,,
2.66,0.88745236,0.95181492,1.01617748,,,,2.66,0.674717515,0.848673833,1.022630152,,,
2.67,0.888009195,0.952153635,1.016298075,,,,2.67,0.675578171,0.849354767,1.023131364,,,
2.68,0.888560883,0.952488372,1.016415861,,,,2.68,0.67643082,0.850028422,1.023626023,,,
2.69,0.889107491,0.952819196,1.016530901,,,,2.69,0.677275569,0.850694907,1.024114244,,,
2.7,0.889649087,0.953146171,1.016643256,,,,2.7,0.678112521,0.85135433,1.024596139,,,
2.71,0.890185737,0.95346936,1.016752982,,,,2.71,0.678941778,0.852006797,1.025071816,,,
2.72,0.890717506,0.953788823,1.016860139,,,,2.72,0.679763442,0.852652413,1.025541384,,,
2.73,0.891244457,0.954104619,1.016964781,,,,2.73,0.68057761,0.853291278,1.026004947,,,
2.74,0.891766654,0.954416809,1.017066964,,,,2.74,0.681384381,0.853923494,1.026462607,,,
2.75,0.892284158,0.954725449,1.017166739,,,,2.75,0.68218385,0.854549158,1.026914466,,,
2.76,0.89279703,0.955030595,1.017264159,,,,2.76,0.682976111,0.855168367,1.027360622,,,
2.77,0.893305329,0.955332302,1.017359274,,,,2.77,0.683761258,0.855781214,1.02780117,,,
2.78,0.893809115,0.955630624,1.017452134,,,,2.78,0.684539381,0.856387793,1.028236206,,,
2.79,0.894308445,0.955925615,1.017542785,,,,2.79,0.68531057,0.856988196,1.028665821,,,
2.8,0.894803376,0.956217326,1.017631276,,,,2.8,0.686074914,0.85758251,1.029090107,,,
2.81,0.895293964,0.956505808,1.017717652,,,,2.81,0.686832499,0.858170825,1.029509151,,,
2.82,0.895780263,0.95679111,1.017801957,,,,2.82,0.687583412,0.858753226,1.02992304,,,
2.83,0.896262329,0.957073282,1.017884235,,,,2.83,0.688327736,0.859329798,1.030331859,,,
2.84,0.896740214,0.957352371,1.017964528,,,,2.84,0.689065555,0.859900623,1.030735692,,,
2.85,0.897213971,0.957628424,1.018042878,,,,2.85,0.68979695,0.860465785,1.031134619,,,
2.86,0.89768365,0.957901488,1.018119325,,,,2.86,0.690522002,0.861025361,1.031528721,,,
2.87,0.898149304,0.958171606,1.018193909,,,,2.87,0.691240789,0.861579432,1.031918075,,,
2.88,0.898610981,0.958438825,1.018266668,,,,2.88,0.69195339,0.862128074,1.032302758,,,
2.89,0.899068732,0.958703186,1.01833764,,,,2.89,0.692659882,0.862671364,1.032682846,,,
2.9,0.899522603,0.958964733,1.018406863,,,,2.9,0.693360339,0.863209375,1.03305841,,,
2.91,0.899972644,0.959223507,1.01847437,,,,2.91,0.694054837,0.863742181,1.033429524,,,
2.92,0.9004189,0.95947955,1.018540199,,,,2.92,0.694743449,0.864269854,1.033796258,,,
2.93,0.900861418,0.9597329,1.018604383,,,,2.93,0.695426248,0.864792464,1.034158681,,,
2.94,0.901300243,0.959983599,1.018666955,,,,2.94,0.696103303,0.865310082,1.03451686,,,
2.95,0.90173542,0.960231685,1.018727949,,,,2.95,0.696774685,0.865822774,1.034870862,,,
2.96,0.902166993,0.960477195,1.018787396,,,,2.96,0.697440463,0.866330608,1.035220752,,,
2.97,0.902595005,0.960720166,1.018845328,,,,2.97,0.698100706,0.86683365,1.035566594,,,
2.98,0.903019498,0.960960637,1.018901775,,,,2.98,0.698755479,0.867331964,1.035908449,,,
2.99,0.903440515,0.961198641,1.018956767,,,,2.99,0.699404849,0.867825614,1.036246379,,,
3,0.903858097,0.961434216,1.019010334,,,,3,0.700048881,0.868314662,1.036580443,,,
3.01,0.904272285,0.961667394,1.019062503,,,,3.01,0.700687639,0.868799171,1.036910702,,,
3.02,0.904683119,0.961898211,1.019113303,,,,3.02,0.701321186,0.869279199,1.037237211,,,
3.03,0.905090637,0.962126699,1.019162761,,,,3.03,0.701949584,0.869754806,1.037560029,,,
3.04,0.90549488,0.962352892,1.019210904,,,,3.04,0.702572894,0.870226052,1.037879209,,,
3.05,0.905895885,0.962576821,1.019257757,,,,3.05,0.703191177,0.870692992,1.038194806,,,
3.06,0.90629369,0.962798519,1.019303347,,,,3.06,0.703804491,0.871155683,1.038506874,,,
3.07,0.906688332,0.963018015,1.019347699,,,,3.07,0.704412896,0.87161418,1.038815465,,,
3.08,0.907079847,0.963235342,1.019390836,,,,3.08,0.705016449,0.872068539,1.039120629,,,
3.09,0.907468273,0.963450528,1.019432783,,,,3.09,0.705615207,0.872518812,1.039422417,,,
3.1,0.907853643,0.963663603,1.019473562,,,,3.1,0.706209226,0.872965053,1.039720879,,,
3.11,0.908235994,0.963874596,1.019513198,,,,3.11,0.706798562,0.873407312,1.040016062,,,
3.12,0.908615359,0.964083536,1.019551712,,,,3.12,0.707383268,0.873845641,1.040308013,,,
3.13,0.908991773,0.964290449,1.019589126,,,,3.13,0.707963398,0.874280089,1.040596781,,,
3.14,0.909365269,0.964495365,1.019625461,,,,3.14,0.708539006,0.874710707,1.040882408,,,
3.15,0.909735879,0.964698309,1.019660739,,,,3.15,0.709110143,0.875137543,1.041164942,,,
3.16,0.910103637,0.964899309,1.01969498,,,,3.16,0.709676861,0.875560643,1.041444425,,,
3.17,0.910468575,0.96509839,1.019728205,,,,3.17,0.710239211,0.875980056,1.041720901,,,
3.18,0.910830723,0.965295577,1.019760432,,,,3.18,0.710797241,0.876395826,1.041994411,,,
3.19,0.911190113,0.965490897,1.019791681,,,,3.19,0.711351002,0.876808,1.042264998,,,
3.2,0.911546776,0.965684373,1.019821971,,,,3.2,0.711900543,0.877216622,1.042532702,,,
3.21,0.911900741,0.965876031,1.01985132,,,,3.21,0.71244591,0.877621736,1.042797563,,,
3.22,0.91225204,0.966065893,1.019879747,,,,3.22,0.712987151,0.878023385,1.04305962,,,
3.23,0.912600699,0.966253984,1.019907269,,,,3.23,0.713524313,0.878421612,1.043318912,,,
3.24,0.91294675,0.966440326,1.019933903,,,,3.24,0.714057441,0.878816459,1.043575477,,,
3.25,0.91329022,0.966624943,1.019959666,,,,3.25,0.71458658,0.879207966,1.043829352,,,
3.26,0.913631137,0.966807856,1.019984576,,,,3.26,0.715111776,0.879596175,1.044080574,,,
3.27,0.913969529,0.966989088,1.020008648,,,,3.27,0.715633072,0.879981125,1.044329177,,,
3.28,0.914305424,0.967168661,1.020031898,,,,3.28,0.716150512,0.880362855,1.044575199,,,
3.29,0.914638847,0.967346595,1.020054342,,,,3.29,0.716664138,0.880741405,1.044818673,,,
3.3,0.914969827,0.967522911,1.020075995,,,,3.3,0.717173992,0.881116812,1.045059632,,,
3.31,0.915298389,0.96769763,1.020096872,,,,3.31,0.717680115,0.881489114,1.045298112,,,
3.32,0.915624558,0.967870773,1.020116987,,,,3.32,0.71818255,0.881858347,1.045534144,,,
3.33,0.915948361,0.968042358,1.020136356,,,,3.33,0.718681336,0.882224549,1.045767761,,,
3.34,0.916269822,0.968212407,1.020154992,,,,3.34,0.719176514,0.882587754,1.045998995,,,
3.35,0.916588966,0.968380938,1.020172909,,,,3.35,0.719668121,0.882947999,1.046227876,,,
3.36,0.916905818,0.968547969,1.020190121,,,,3.36,0.720156198,0.883305317,1.046454436,,,
3.37,0.917220401,0.968713521,1.02020664,,,,3.37,0.720640783,0.883659744,1.046678705,,,
3.38,0.91753274,0.96887761,1.02022248,,,,3.38,0.721121913,0.884011312,1.046900712,,,
3.39,0.917842857,0.969040256,1.020237654,,,,3.39,0.721599625,0.884360056,1.047120486,,,
3.4,0.918150777,0.969201475,1.020252173,,,,3.4,0.722073957,0.884706007,1.047338057,,,
3.41,0.918456521,0.969361286,1.020266051,,,,3.41,0.722544944,0.885049198,1.047553452,,,
3.42,0.918760113,0.969519706,1.020279299,,,,3.42,0.723012622,0.88538966,1.047766699,,,
3.43,0.919061574,0.969676751,1.020291929,,,,3.43,0.723477026,0.885727426,1.047977826,,,
3.44,0.919360926,0.969832439,1.020303952,,,,3.44,0.723938192,0.886062525,1.048186859,,,
3.45,0.919658191,0.969986786,1.020315381,,,,3.45,0.724396153,0.886394989,1.048393825,,,
3.46,0.919953391,0.970139808,1.020326225,,,,3.46,0.724850943,0.886724846,1.048598749,,,
3.47,0.920246545,0.97029152,1.020336495,,,,3.47,0.725302596,0.887052127,1.048801658,,,
3.48,0.920537676,0.97044194,1.020346203,,,,3.48,0.725751145,0.887376861,1.049002577,,,
3.49,0.920826804,0.970591081,1.020355359,,,,3.49,0.726196622,0.887699076,1.04920153,,,
3.5,0.921113948,0.97073896,1.020363973,,,,3.5,0.726639059,0.888018801,1.049398543,,,
3.51,0.921399129,0.970885592,1.020372055,,,,3.51,0.727078488,0.888336063,1.049593638,,,
3.52,0.921682366,0.97103099,1.020379614,,,,3.52,0.727514941,0.88865089,1.049786839,,,
3.53,0.921963679,0.97117517,1.020386662,,,,3.53,0.727948447,0.888963309,1.049978171,,,
3.54,0.922243087,0.971318146,1.020393206,,,,3.54,0.728379037,0.889273346,1.050167655,,,
3.55,0.922520609,0.971459932,1.020399256,,,,3.55,0.728806742,0.889581029,1.050355315,,,
3.56,0.922796263,0.971600542,1.020404822,,,,3.56,0.729231591,0.889886382,1.050541173,,,
3.57,0.923070069,0.97173999,1.020409912,,,,3.57,0.729653613,0.890189432,1.05072525,,,
3.58,0.923342043,0.971878289,1.020414535,,,,3.58,0.730072838,0.890490203,1.050907569,,,
3.59,0.923612205,0.972015453,1.0204187,,,,3.59,0.730489293,0.890788721,1.05108815,,,
3.6,0.923880572,0.972151494,1.020422415,,,,3.6,0.730903006,0.89108501,1.051267014,,,
3.61,0.924147162,0.972286425,1.020425688,,,,3.61,0.731314006,0.891379095,1.051444183,,,
3.62,0.924411991,0.972420259,1.020428528,,,,3.62,0.73172232,0.891670998,1.051619676,,,
3.63,0.924675077,0.972553009,1.020430942,,,,3.63,0.732127975,0.891960744,1.051793514,,,
3.64,0.924936437,0.972684688,1.020432938,,,,3.64,0.732530997,0.892248356,1.051965716,,,
3.65,0.925196087,0.972815306,1.020434525,,,,3.65,0.732931413,0.892533857,1.052136302,,,
3.66,0.925454044,0.972944876,1.020435708,,,,3.66,0.733329249,0.89281727,1.052305291,,,
3.67,0.925710324,0.97307341,1.020436497,,,,3.67,0.73372453,0.893098616,1.052472701,,,
3.68,0.925964943,0.97320092,1.020436897,,,,3.68,0.734117282,0.893377917,1.052638553,,,
3.69,0.926217916,0.973327417,1.020436917,,,,3.69,0.73450753,0.893655196,1.052802863,,,
3.7,0.926469261,0.973452912,1.020436563,,,,3.7,0.734895299,0.893930474,1.05296565,,,
3.71,0.926718991,0.973577416,1.020435841,,,,3.71,0.735280612,0.894203772,1.053126932,,,
3.72,0.926967123,0.973700941,1.02043476,,,,3.72,0.735663495,0.89447511,1.053286726,,,
3.73,0.92721367,0.973823497,1.020433325,,,,3.73,0.73604397,0.89474451,1.05344505,,,
3.74,0.927458649,0.973945096,1.020431542,,,,3.74,0.736422062,0.895011992,1.053601922,,,
3.75,0.927702074,0.974065746,1.020429418,,,,3.75,0.736797793,0.895277575,1.053757357,,,
3.76,0.927943959,0.97418546,1.02042696,,,,3.76,0.737171186,0.895541279,1.053911372,,,
3.77,0.928184319,0.974304246,1.020424173,,,,3.77,0.737542264,0.895803124,1.054063985,,,
3.78,0.928423168,0.974422116,1.020421064,,,,3.78,0.737911049,0.89606313,1.05421521,,,
3.79,0.928660519,0.974539079,1.020417638,,,,3.79,0.738277563,0.896321314,1.054365065,,,
3.8,0.928896387,0.974655144,1.020413901,,,,3.8,0.738641829,0.896577696,1.054513564,,,
3.81,0.929130786,0.974770323,1.020409859,,,,3.81,0.739003867,0.896832295,1.054660724,,,
3.82,0.929363728,0.974884623,1.020405518,,,,3.82,0.739363698,0.897085128,1.054806559,,,
3.83,0.929595228,0.974998055,1.020400882,,,,3.83,0.739721344,0.897336215,1.054951085,,,
3.84,0.929825298,0.975110628,1.020395957,,,,3.84,0.740076826,0.897585571,1.055094316,,,
3.85,0.930053951,0.97522235,1.02039075,,,,3.85,0.740430163,0.897833216,1.055236269,,,
3.86,0.9302812,0.975333232,1.020385263,,,,3.86,0.740781376,0.898079166,1.055376955,,,
3.87,0.930507058,0.975443281,1.020379504,,,,3.87,0.741130484,0.898323438,1.055516392,,,
3.88,0.930731538,0.975552507,1.020373476,,,,3.88,0.741477509,0.89856605,1.055654591,,,
3.89,0.930954651,0.975660918,1.020367185,,,,3.89,0.741822468,0.898807018,1.055791567,,,
3.9,0.931176411,0.975768524,1.020360636,,,,3.9,0.742165382,0.899046358,1.055927335,,,
3.91,0.931396829,0.975875331,1.020353833,,,,3.91,0.742506268,0.899284088,1.056061907,,,
3.92,0.931615917,0.975981349,1.020346781,,,,3.92,0.742845147,0.899520222,1.056195297,,,
3.93,0.931833687,0.976086586,1.020339484,,,,3.93,0.743182036,0.899754777,1.056327518,,,
3.94,0.932050151,0.976191049,1.020331948,,,,3.94,0.743516954,0.899987769,1.056458584,,,
3.95,0.932265321,0.976294748,1.020324175,,,,3.95,0.743849919,0.900219212,1.056588506,,,
3.96,0.932479207,0.976397689,1.020316172,,,,3.96,0.744180948,0.900449123,1.056717298,,,
3.97,0.932691821,0.976499881,1.020307941,,,,3.97,0.744510059,0.900677516,1.056844973,,,
3.98,0.932903174,0.976601331,1.020299488,,,,3.98,0.744837271,0.900904406,1.056971542,,,
3.99,0.933113278,0.976702047,1.020290816,,,,3.99,0.745162599,0.901129808,1.057097017,,,
4,0.933322143,0.976802036,1.020281929,,,,4,0.745486061,0.901353736,1.057221412,,,
4.01,0.93352978,0.976901306,1.020272832,,,,4.01,0.745807674,0.901576206,1.057344737,,,
4.02,0.933736199,0.976999863,1.020263527,,,,4.02,0.746127454,0.90179723,1.057467005,,,
4.03,0.933941412,0.977097716,1.02025402,,,,4.03,0.746445418,0.902016823,1.057588227,,,
4.04,0.934145428,0.977194871,1.020244313,,,,4.04,0.746761582,0.902234998,1.057708414,,,
4.05,0.934348258,0.977291335,1.020234411,,,,4.05,0.747075962,0.90245177,1.057827579,,,
4.06,0.934549913,0.977387115,1.020224317,,,,4.06,0.747388574,0.902667152,1.057945731,,,
4.07,0.934750401,0.977482218,1.020214034,,,,4.07,0.747699433,0.902881158,1.058062882,,,
4.08,0.934949734,0.97757665,1.020203567,,,,4.08,0.748008556,0.903093799,1.058179043,,,
4.09,0.935147921,0.977670419,1.020192918,,,,4.09,0.748315956,0.90330509,1.058294224,,,
4.1,0.935344971,0.977763531,1.02018209,,,,4.1,0.74862165,0.903515043,1.058408436,,,
4.11,0.935540895,0.977855992,1.020171089,,,,4.11,0.748925653,0.903723671,1.05852169,,,
4.12,0.935735702,0.977947809,1.020159915,,,,4.12,0.749227978,0.903930987,1.058633996,,,
4.13,0.935929401,0.978038987,1.020148574,,,,4.13,0.749528641,0.904137002,1.058745364,,,
4.14,0.936122002,0.978129534,1.020137067,,,,4.14,0.749827656,0.90434173,1.058855804,,,
4.15,0.936313514,0.978219456,1.020125398,,,,4.15,0.750125037,0.904545181,1.058965326,,,
4.16,0.936503945,0.978308758,1.02011357,,,,4.16,0.750420798,0.904747369,1.059073939,,,
4.17,0.936693306,0.978397446,1.020101586,,,,4.17,0.750714954,0.904948304,1.059181655,,,
4.18,0.936881605,0.978485527,1.020089449,,,,4.18,0.751007518,0.905147999,1.059288481,,,
4.19,0.93706885,0.978573006,1.020077162,,,,4.19,0.751298503,0.905346465,1.059394428,,,
4.2,0.937255051,0.978659889,1.020064728,,,,4.2,0.751587923,0.905543714,1.059499504,,,
4.21,0.937440216,0.978746182,1.020052149,,,,4.21,0.751875792,0.905739756,1.05960372,,,
4.22,0.937624353,0.978831891,1.020039428,,,,4.22,0.752162123,0.905934603,1.059707084,,,
4.23,0.937807472,0.97891702,1.020026568,,,,4.23,0.752446927,0.906128266,1.059809605,,,
4.24,0.93798958,0.979001576,1.020013572,,,,4.24,0.75273022,0.906320756,1.059911292,,,
4.25,0.938170686,0.979085564,1.020000442,,,,4.25,0.753012012,0.906512082,1.060012153,,,
4.26,0.938350798,0.979168989,1.01998718,,,,4.26,0.753292317,0.906702257,1.060112198,,,
4.27,0.938529923,0.979251856,1.01997379,,,,4.27,0.753571146,0.906891291,1.060211435,,,
4.28,0.938708071,0.979334172,1.019960273,,,,4.28,0.753848514,0.907079193,1.060309872,,,
4.29,0.938885248,0.97941594,1.019946633,,,,4.29,0.75412443,0.907265974,1.060407518,,,
4.3,0.939061463,0.979497167,1.019932871,,,,4.3,0.754398908,0.907451644,1.060504381,,,
4.31,0.939236724,0.979577857,1.01991899,,,,4.31,0.754671959,0.907636214,1.060600468,,,
4.32,0.939411038,0.979658015,1.019904992,,,,4.32,0.754943596,0.907819692,1.060695789,,,
4.33,0.939584412,0.979737646,1.01989088,,,,4.33,0.755213828,0.90800209,1.060790351,,,
4.34,0.939756855,0.979816755,1.019876655,,,,4.34,0.755482669,0.908183416,1.060884162,,,
4.35,0.939928373,0.979895347,1.01986232,,,,4.35,0.75575013,0.908363679,1.060977229,,,
4.36,0.940098974,0.979973426,1.019847878,,,,4.36,0.756016221,0.908542891,1.06106956,,,
4.37,0.940268665,0.980050997,1.019833329,,,,4.37,0.756280954,0.908721059,1.061161163,,,
4.38,0.940437454,0.980128066,1.019818677,,,,4.38,0.75654434,0.908898193,1.061252046,,,
4.39,0.940605348,0.980204636,1.019803923,,,,4.39,0.756806389,0.909074302,1.061342215,,,
4.4,0.940772353,0.980280711,1.01978907,,,,4.4,0.757067113,0.909249395,1.061431677,,,
4.41,0.940938477,0.980356298,1.019774119,,,,4.41,0.757326522,0.909423482,1.061520441,,,
4.42,0.941103726,0.980431399,1.019759072,,,,4.42,0.757584627,0.90959657,1.061608513,,,
4.43,0.941268107,0.980506019,1.019743932,,,,4.43,0.757841437,0.909768668,1.0616959,,,
4.44,0.941431628,0.980580164,1.019728699,,,,4.44,0.758096963,0.909939786,1.061782609,,,
4.45,0.941594294,0.980653836,1.019713377,,,,4.45,0.758351216,0.910109932,1.061868647,,,
4.46,0.941756113,0.98072704,1.019697967,,,,4.46,0.758604206,0.910279113,1.061954021,,,
4.47,0.941917091,0.98079978,1.01968247,,,,4.47,0.758855942,0.910447339,1.062038737,,,
4.48,0.942077234,0.980872061,1.019666888,,,,4.48,0.759106434,0.910614618,1.062122802,,,
4.49,0.942236549,0.980943886,1.019651224,,,,4.49,0.759355692,0.910780957,1.062206222,,,
4.5,0.942395042,0.98101526,1.019635478,,,,4.5,0.759603726,0.910946365,1.062289005,,,
4.51,0.94255272,0.981086187,1.019619653,,,,4.51,0.759850545,0.91111085,1.062371156,,,
4.52,0.942709589,0.98115667,1.01960375,,,,4.52,0.760096158,0.91127442,1.062452681,,,
4.53,0.942865655,0.981226713,1.019587771,,,,4.53,0.760340576,0.911437082,1.062533587,,,
4.54,0.943020923,0.98129632,1.019571717,,,,4.54,0.760583807,0.911598844,1.062613881,,,
4.55,0.943175401,0.981365496,1.019555591,,,,4.55,0.76082586,0.911759714,1.062693567,,,
4.56,0.943329094,0.981434243,1.019539393,,,,4.56,0.761066745,0.911919699,1.062772652,,,
4.57,0.943482008,0.981502566,1.019523125,,,,4.57,0.76130647,0.912078806,1.062851142,,,
4.58,0.943634149,0.981570468,1.019506788,,,,4.58,0.761545045,0.912237044,1.062929043,,,
4.59,0.943785522,0.981637953,1.019490385,,,,4.59,0.761782477,0.912394419,1.063006361,,,
4.6,0.943936134,0.981705025,1.019473916,,,,4.6,0.762018776,0.912550939,1.063083101,,,
4.61,0.94408599,0.981771686,1.019457383,,,,4.61,0.762253951,0.91270661,1.063159269,,,
4.62,0.944235096,0.981837941,1.019440787,,,,4.62,0.762488009,0.91286144,1.063234871,,,
4.63,0.944383457,0.981903794,1.01942413,,,,4.63,0.76272096,0.913015435,1.063309911,,,
4.64,0.944531079,0.981969246,1.019407413,,,,4.64,0.762952811,0.913168604,1.063384396,,,
4.65,0.944677968,0.982034303,1.019390638,,,,4.65,0.763183571,0.913320951,1.063458331,,,
4.66,0.944824128,0.982098966,1.019373805,,,,4.66,0.763413248,0.913472485,1.063531722,,,
4.67,0.944969565,0.982163241,1.019356916,,,,4.67,0.76364185,0.913623211,1.063604573,,,
4.68,0.945114285,0.982227129,1.019339973,,,,4.68,0.763869385,0.913773137,1.063676889,,,
4.69,0.945258293,0.982290634,1.019322976,,,,4.69,0.764095861,0.913922269,1.063748677,,,
4.7,0.945401593,0.98235376,1.019305926,,,,4.7,0.764321286,0.914070613,1.06381994,,,
4.71,0.945544192,0.982416509,1.019288826,,,,4.71,0.764545667,0.914218176,1.063890685,,,
4.72,0.945686094,0.982478885,1.019271676,,,,4.72,0.764769013,0.914364964,1.063960915,,,
4.73,0.945827304,0.982540891,1.019254478,,,,4.73,0.764991331,0.914510984,1.064030637,,,
4.74,0.945967828,0.98260253,1.019237232,,,,4.74,0.765212628,0.91465624,1.064099853,,,
4.75,0.94610767,0.982663805,1.019219939,,,,4.75,0.765432911,0.914800741,1.064168571,,,
4.76,0.946246835,0.982724718,1.019202602,,,,4.76,0.765652189,0.914944491,1.064236794,,,
4.77,0.946385328,0.982785274,1.01918522,,,,4.77,0.765870469,0.915087498,1.064304526,,,
4.78,0.946523154,0.982845475,1.019167795,,,,4.78,0.766087757,0.915229765,1.064371773,,,
4.79,0.946660318,0.982905323,1.019150329,,,,4.79,0.766304061,0.9153713,1.06443854,,,
4.8,0.946796824,0.982964823,1.019132821,,,,4.8,0.766519388,0.915512109,1.06450483,,,
4.81,0.946932678,0.983023976,1.019115273,,,,4.81,0.766733746,0.915652197,1.064570648,,,
4.82,0.947067883,0.983082785,1.019097687,,,,4.82,0.76694714,0.915791569,1.064635999,,,
4.83,0.947202444,0.983141254,1.019080063,,,,4.83,0.767159578,0.915930232,1.064700886,,,
4.84,0.947336367,0.983199384,1.019062402,,,,4.84,0.767371067,0.916068191,1.064765315,,,
4.85,0.947469655,0.98325718,1.019044705,,,,4.85,0.767581613,0.916205451,1.064829289,,,
4.86,0.947602313,0.983314643,1.019026973,,,,4.86,0.767791223,0.916342018,1.064892813,,,
4.87,0.947734345,0.983371776,1.019009207,,,,4.87,0.767999904,0.916477898,1.064955891,,,
4.88,0.947865756,0.983428582,1.018991408,,,,4.88,0.768207663,0.916613095,1.065018527,,,
4.89,0.947996551,0.983485064,1.018973577,,,,4.89,0.768414505,0.916747615,1.065080726,,,
4.9,0.948126732,0.983541223,1.018955714,,,,4.9,0.768620438,0.916881464,1.06514249,,,
4.91,0.948256306,0.983597064,1.018937821,,,,4.91,0.768825467,0.917014646,1.065203824,,,
4.92,0.948385275,0.983652587,1.018919899,,,,4.92,0.769029599,0.917147166,1.065264733,,,
4.93,0.948513645,0.983707796,1.018901948,,,,4.93,0.76923284,0.91727903,1.065325219,,,
4.94,0.948641419,0.983762694,1.018883969,,,,4.94,0.769435197,0.917410242,1.065385288,,,
4.95,0.948768601,0.983817282,1.018865963,,,,4.95,0.769636675,0.917540809,1.065444942,,,
4.96,0.948895196,0.983871563,1.018847931,,,,4.96,0.769837281,0.917670733,1.065504185,,,
4.97,0.949021207,0.98392554,1.018829873,,,,4.97,0.770037021,0.917800021,1.065563022,,,
4.98,0.949146639,0.983979215,1.018811791,,,,4.98,0.7702359,0.917928677,1.065621455,,,
4.99,0.949271495,0.98403259,1.018793685,,,,4.99,0.770433924,0.918056707,1.065679489,,,
5,0.94939578,0.984085668,1.018775556,,,,5,0.7706311,0.918184113,1.065737127,,,
5.01,0.949519498,0.984138451,1.018757405,,,,5.01,0.770827433,0.918310903,1.065794372,,,
5.02,0.949642651,0.984190942,1.018739232,,,,5.02,0.771022929,0.918437079,1.065851229,,,
5.03,0.949765245,0.984243142,1.018721038,,,,5.03,0.771217594,0.918562647,1.0659077,,,
5.04,0.949887282,0.984295053,1.018702825,,,,5.04,0.771411433,0.918687611,1.06596379,,,
5.05,0.950008768,0.984346679,1.018684591,,,,5.05,0.771604451,0.918811976,1.0660195,,,
5.06,0.950129704,0.984398022,1.018666339,,,,5.06,0.771796655,0.918935746,1.066074836,,,
5.07,0.950250096,0.984449082,1.018648069,,,,5.07,0.77198805,0.919058925,1.0661298,,,
5.08,0.950369946,0.984499864,1.018629782,,,,5.08,0.772178641,0.919181518,1.066184395,,,
5.09,0.950489258,0.984550368,1.018611478,,,,5.09,0.772368434,0.91930353,1.066238625,,,
5.1,0.950608037,0.984600597,1.018593157,,,,5.1,0.772557434,0.919424964,1.066292493,,,
5.11,0.950726285,0.984650553,1.018574822,,,,5.11,0.772745646,0.919545824,1.066346003,,,
5.12,0.950844006,0.984700239,1.018556471,,,,5.12,0.772933075,0.919666116,1.066399156,,,
5.13,0.950961204,0.984749655,1.018538107,,,,5.13,0.773119728,0.919785842,1.066451957,,,
5.14,0.951077881,0.984798805,1.018519729,,,,5.14,0.773305608,0.919905008,1.066504408,,,
5.15,0.951194042,0.98484769,1.018501338,,,,5.15,0.773490721,0.920023617,1.066556513,,,
5.16,0.95130969,0.984896312,1.018482934,,,,5.16,0.773675072,0.920141673,1.066608275,,,
5.17,0.951424828,0.984944674,1.018464519,,,,5.17,0.773858666,0.920259181,1.066659696,,,
5.18,0.95153946,0.984992777,1.018446093,,,,5.18,0.774041508,0.920376144,1.066710779,,,
5.19,0.951653589,0.985040622,1.018427656,,,,5.19,0.774223603,0.920492565,1.066761528,,,
5.2,0.951767218,0.985088213,1.018409209,,,,5.2,0.774404956,0.92060845,1.066811945,,,
5.21,0.95188035,0.985135551,1.018390752,,,,5.21,0.774585571,0.920723802,1.066862033,,,
5.22,0.95199299,0.985182638,1.018372287,,,,5.22,0.774765454,0.920838625,1.066911795,,,
5.23,0.952105139,0.985229476,1.018353813,,,,5.23,0.774944609,0.920952922,1.066961234,,,
5.24,0.952216801,0.985276066,1.018335331,,,,5.24,0.775123041,0.921066697,1.067010353,,,
5.25,0.952327979,0.985322411,1.018316842,,,,5.25,0.775300754,0.921179954,1.067059153,,,
5.26,0.952438677,0.985368511,1.018298346,,,,5.26,0.775477754,0.921292696,1.067107639,,,
5.27,0.952548898,0.98541437,1.018279843,,,,5.27,0.775654044,0.921404928,1.067155812,,,
5.28,0.952658644,0.985459989,1.018261334,,,,5.28,0.77582963,0.921516653,1.067203676,,,
5.29,0.952767918,0.985505369,1.018242821,,,,5.29,0.776004515,0.921627874,1.067251232,,,
5.3,0.952876725,0.985550513,1.018224302,,,,5.3,0.776178704,0.921738594,1.067298484,,,
5.31,0.952985065,0.985595422,1.018205778,,,,5.31,0.776352203,0.921848818,1.067345434,,,
5.32,0.953092944,0.985640098,1.018187251,,,,5.32,0.776525014,0.921958549,1.067392085,,,
5.33,0.953200363,0.985684542,1.01816872,,,,5.33,0.776697142,0.92206779,1.067438439,,,
5.34,0.953307326,0.985728756,1.018150186,,,,5.34,0.776868593,0.922176545,1.067484498,,,
5.35,0.953413834,0.985772742,1.01813165,,,,5.35,0.777039369,0.922284817,1.067530265,,,
5.36,0.953519893,0.985816502,1.018113111,,,,5.36,0.777209476,0.922392609,1.067575743,,,
5.37,0.953625503,0.985860036,1.01809457,,,,5.37,0.777378917,0.922499925,1.067620933,,,
5.38,0.953730668,0.985903348,1.018076028,,,,5.38,0.777547696,0.922606768,1.067665839,,,
5.39,0.953835391,0.985946438,1.018057485,,,,5.39,0.777715818,0.92271314,1.067710462,,,
5.4,0.953939675,0.985989308,1.018038941,,,,5.4,0.777883288,0.922819047,1.067754806,,,
5.41,0.954043521,0.986031959,1.018020397,,,,5.41,0.778050108,0.922924489,1.067798871,,,
5.42,0.954146934,0.986074394,1.018001854,,,,5.42,0.778216283,0.923029472,1.067842661,,,
5.43,0.954249915,0.986116613,1.017983311,,,,5.43,0.778381816,0.923133997,1.067886178,,,
5.44,0.954352468,0.986158618,1.017964769,,,,5.44,0.778546713,0.923238068,1.067929424,,,
5.45,0.954454595,0.986200411,1.017946228,,,,5.45,0.778710976,0.923341688,1.067972401,,,
5.46,0.954556298,0.986241994,1.017927689,,,,5.46,0.778874611,0.923444861,1.068015111,,,
5.47,0.954657581,0.986283367,1.017909152,,,,5.47,0.779037619,0.923547588,1.068057557,,,
5.48,0.954758446,0.986324532,1.017890618,,,,5.48,0.779200006,0.923649873,1.06809974,,,
5.49,0.954858895,0.986365491,1.017872087,,,,5.49,0.779361776,0.92375172,1.068141664,,,
5.5,0.954958932,0.986406245,1.017853558,,,,5.5,0.779522931,0.92385313,1.068183329,,,
5.51,0.955058558,0.986446795,1.017835033,,,,5.51,0.779683475,0.923954107,1.068224738,,,
5.52,0.955157776,0.986487144,1.017816512,,,,5.52,0.779843414,0.924054654,1.068265893,,,
5.53,0.955256588,0.986527292,1.017797996,,,,5.53,0.780002749,0.924154773,1.068306797,,,
5.54,0.955354998,0.986567241,1.017779483,,,,5.54,0.780161485,0.924254467,1.06834745,,,
5.55,0.955453007,0.986606991,1.017760976,,,,5.55,0.780319625,0.92435374,1.068387856,,,
5.56,0.955550618,0.986646546,1.017742474,,,,5.56,0.780477173,0.924452594,1.068428015,,,
5.57,0.955647834,0.986685905,1.017723977,,,,5.57,0.780634132,0.924551032,1.068467931,,,
5.58,0.955744656,0.986725071,1.017705486,,,,5.58,0.780790507,0.924649056,1.068507604,,,
5.59,0.955841087,0.986764044,1.017687001,,,,5.59,0.7809463,0.924746669,1.068547038,,,
5.6,0.95593713,0.986802826,1.017668522,,,,5.6,0.781101515,0.924843874,1.068586233,,,
5.61,0.956032787,0.986841419,1.01765005,,,,5.61,0.781256155,0.924940673,1.068625191,,,
5.62,0.95612806,0.986879822,1.017631585,,,,5.62,0.781410224,0.92503707,1.068663916,,,
5.63,0.956222952,0.986918039,1.017613127,,,,5.63,0.781563725,0.925133066,1.068702407,,,
5.64,0.956317464,0.98695607,1.017594676,,,,5.64,0.781716661,0.925228664,1.068740668,,,
5.65,0.956411599,0.986993916,1.017576234,,,,5.65,0.781869037,0.925323868,1.068778699,,,
5.66,0.95650536,0.987031579,1.017557799,,,,5.66,0.782020854,0.925418679,1.068816503,,,
5.67,0.956598748,0.98706906,1.017539373,,,,5.67,0.782172117,0.925513099,1.068854082,,,
5.68,0.956691765,0.98710636,1.017520955,,,,5.68,0.782322829,0.925607133,1.068891437,,,
5.69,0.956784415,0.987143481,1.017502546,,,,5.69,0.782472992,0.925700781,1.06892857,,,
5.7,0.956876698,0.987180423,1.017484147,,,,5.7,0.782622611,0.925794046,1.068965482,,,
5.71,0.956968618,0.987217187,1.017465756,,,,5.71,0.782771687,0.925886932,1.069002176,,,
5.72,0.957060177,0.987253776,1.017447375,,,,5.72,0.782920226,0.925979439,1.069038653,,,
5.73,0.957151375,0.98729019,1.017429004,,,,5.73,0.783068228,0.926071571,1.069074914,,,
5.74,0.957242217,0.98732643,1.017410643,,,,5.74,0.783215699,0.92616333,1.069110962,,,
5.75,0.957332703,0.987362498,1.017392292,,,,5.75,0.78336264,0.926254719,1.069146798,,,
5.76,0.957422836,0.987398394,1.017373952,,,,5.76,0.783509055,0.926345739,1.069182423,,,
5.77,0.957512618,0.98743412,1.017355622,,,,5.77,0.783654946,0.926436393,1.06921784,,,
5.78,0.95760205,0.987469677,1.017337304,,,,5.78,0.783800317,0.926526683,1.069253049,,,
5.79,0.957691136,0.987505066,1.017318996,,,,5.79,0.783945172,0.926616612,1.069288053,,,
5.8,0.957779876,0.987540288,1.0173007,,,,5.8,0.784089511,0.926706182,1.069322852,,,
5.81,0.957868274,0.987575345,1.017282416,,,,5.81,0.78423334,0.926795395,1.069357449,,,
5.82,0.95795633,0.987610237,1.017264143,,,,5.82,0.78437666,0.926884253,1.069391845,,,
5.83,0.958044047,0.987644965,1.017245883,,,,5.83,0.784519474,0.926972758,1.069426041,,,
5.84,0.958131428,0.987679531,1.017227634,,,,5.84,0.784661786,0.927060913,1.06946004,,,
5.85,0.958218472,0.987713935,1.017209399,,,,5.85,0.784803598,0.92714872,1.069493841,,,
5.86,0.958305184,0.98774818,1.017191175,,,,5.86,0.784944913,0.92723618,1.069527448,,,
5.87,0.958391564,0.987782264,1.017172965,,,,5.87,0.785085733,0.927323297,1.069560861,,,
5.88,0.958477615,0.987816191,1.017154767,,,,5.88,0.785226063,0.927410072,1.069594081,,,
5.89,0.958563338,0.98784996,1.017136583,,,,5.89,0.785365903,0.927496507,1.069627111,,,
5.9,0.958648735,0.987883573,1.017118412,,,,5.9,0.785505257,0.927582604,1.069659952,,,
5.91,0.958733809,0.987917031,1.017100254,,,,5.91,0.785644129,0.927668366,1.069692604,,,
5.92,0.95881856,0.987950335,1.01708211,,,,5.92,0.785782519,0.927753795,1.06972507,,,
5.93,0.958902991,0.987983486,1.01706398,,,,5.93,0.785920432,0.927838891,1.06975735,,,
5.94,0.958987104,0.988016484,1.017045865,,,,5.94,0.78605787,0.927923658,1.069789447,,,
5.95,0.9590709,0.988049331,1.017027763,,,,5.95,0.786194835,0.928008098,1.069821361,,,
5.96,0.959154381,0.988082028,1.017009676,,,,5.96,0.78633133,0.928092212,1.069853094,,,
5.97,0.959237549,0.988114576,1.016991603,,,,5.97,0.786467357,0.928176002,1.069884646,,,
5.98,0.959320406,0.988146975,1.016973545,,,,5.98,0.78660292,0.92825947,1.069916021,,,
5.99,0.959402953,0.988179227,1.016955502,,,,5.99,0.78673802,0.928342619,1.069947218,,,
6,0.959485192,0.988211333,1.016937474,,,,6,0.786872661,0.92842545,1.069978238,,,
6.01,0.959567125,0.988243293,1.016919461,,,,6.01,0.787006845,0.928507965,1.070009085,,,
6.02,0.959648754,0.988275108,1.016901463,,,,6.02,0.787140573,0.928590165,1.070039757,,,
6.03,0.95973008,0.98830678,1.016883481,,,,6.03,0.78727385,0.928672054,1.070070258,,,
6.04,0.959811105,0.988338309,1.016865514,,,,6.04,0.787406677,0.928753632,1.070100587,,,
6.05,0.95989183,0.988369697,1.016847563,,,,6.05,0.787539056,0.928834901,1.070130747,,,
6.06,0.959972258,0.988400943,1.016829628,,,,6.06,0.787670991,0.928915864,1.070160738,,,
6.07,0.960052389,0.988432049,1.016811709,,,,6.07,0.787802483,0.928996522,1.070190561,,,
6.08,0.960132227,0.988463017,1.016793806,,,,6.08,0.787933535,0.929076877,1.070220218,,,
6.09,0.960211771,0.988493845,1.01677592,,,,6.09,0.788064149,0.92915693,1.070249711,,,
6.1,0.960291024,0.988524537,1.01675805,,,,6.1,0.788194328,0.929236684,1.070279039,,,
6.11,0.960369987,0.988555092,1.016740196,,,,6.11,0.788324074,0.929316139,1.070308205,,,
6.12,0.960448663,0.988585511,1.016722359,,,,6.12,0.788453389,0.929395299,1.070337209,,,
6.13,0.960527051,0.988615795,1.016704539,,,,6.13,0.788582275,0.929474164,1.070366053,,,
6.14,0.960605155,0.988645946,1.016686736,,,,6.14,0.788710736,0.929552737,1.070394738,,,
6.15,0.960682976,0.988675963,1.01666895,,,,6.15,0.788838772,0.929631018,1.070423264,,,
6.16,0.960760514,0.988705848,1.016651181,,,,6.16,0.788966387,0.929709011,1.070451634,,,
6.17,0.960837773,0.988735601,1.016633429,,,,6.17,0.789093583,0.929786715,1.070479847,,,
6.18,0.960914752,0.988765223,1.016615695,,,,6.18,0.789220361,0.929864134,1.070507906,,,
6.19,0.960991454,0.988794716,1.016597978,,,,6.19,0.789346725,0.929941268,1.07053581,,,
6.2,0.961067881,0.988824079,1.016580278,,,,6.2,0.789472676,0.930018119,1.070563562,,,
6.21,0.961144033,0.988853315,1.016562597,,,,6.21,0.789598216,0.930094689,1.070591163,,,
6.22,0.961219912,0.988882422,1.016544933,,,,6.22,0.789723347,0.93017098,1.070618613,,,
6.23,0.96129552,0.988911403,1.016527287,,,,6.23,0.789848073,0.930246993,1.070645913,,,
6.24,0.961370858,0.988940258,1.016509659,,,,6.24,0.789972394,0.930322729,1.070673064,,,
6.25,0.961445927,0.988968988,1.016492049,,,,6.25,0.790096313,0.930398191,1.070700068,,,
6.26,0.961520729,0.988997593,1.016474457,,,,6.26,0.790219832,0.930473379,1.070726926,,,
6.27,0.961595266,0.989026075,1.016456884,,,,6.27,0.790342953,0.930548296,1.070753638,,,
6.28,0.961669538,0.989054433,1.016439329,,,,6.28,0.790465679,0.930622942,1.070780205,,,
6.29,0.961743548,0.98908267,1.016421792,,,,6.29,0.79058801,0.93069732,1.070806629,,,
6.3,0.961817296,0.989110785,1.016404274,,,,6.3,0.79070995,0.93077143,1.070832911,,,
6.31,0.961890784,0.989138779,1.016386775,,,,6.31,0.7908315,0.930845275,1.07085905,,,
6.32,0.961964013,0.989166653,1.016369294,,,,6.32,0.790952663,0.930918856,1.07088505,,,
6.33,0.962036985,0.989194409,1.016351832,,,,6.33,0.79107344,0.930992174,1.070910909,,,
6.34,0.962109701,0.989222045,1.016334389,,,,6.34,0.791193833,0.931065231,1.07093663,,,
6.35,0.962182162,0.989249564,1.016316965,,,,6.35,0.791313844,0.931138028,1.070962213,,,
6.36,0.96225437,0.989276965,1.01629956,,,,6.36,0.791433476,0.931210567,1.070987659,,,
6.37,0.962326326,0.989304251,1.016282175,,,,6.37,0.791552729,0.931282849,1.071012969,,,
6.38,0.962398032,0.98933142,1.016264808,,,,6.38,0.791671607,0.931354875,1.071038144,,,
6.39,0.962469488,0.989358474,1.016247461,,,,6.39,0.791790111,0.931426648,1.071063185,,,
6.4,0.962540696,0.989385414,1.016230133,,,,6.4,0.791908242,0.931498167,1.071088092,,,
6.41,0.962611657,0.989412241,1.016212824,,,,6.41,0.792026004,0.931569436,1.071112868,,,
6.42,0.962682373,0.989438954,1.016195535,,,,6.42,0.792143397,0.931640454,1.071137511,,,
6.43,0.962752844,0.989465555,1.016178266,,,,6.43,0.792260423,0.931711224,1.071162025,,,
6.44,0.962823073,0.989492044,1.016161016,,,,6.44,0.792377085,0.931781746,1.071186408,,,
6.45,0.96289306,0.989518423,1.016143786,,,,6.45,0.792493384,0.931852023,1.071210663,,,
6.46,0.962962806,0.989544691,1.016126576,,,,6.46,0.792609322,0.931922055,1.071234789,,,
6.47,0.963032313,0.989570849,1.016109385,,,,6.47,0.7927249,0.931991844,1.071258789,,,
6.48,0.963101582,0.989596898,1.016092215,,,,6.48,0.792840122,0.932061392,1.071282662,,,
6.49,0.963170614,0.989622839,1.016075064,,,,6.49,0.792954988,0.932130698,1.071306409,,,
6.5,0.963239411,0.989648672,1.016057933,,,,6.5,0.793069499,0.932199766,1.071330032,,,
6.51,0.963307973,0.989674398,1.016040823,,,,6.51,0.793183659,0.932268595,1.071353531,,,
6.52,0.963376303,0.989700018,1.016023733,,,,6.52,0.793297469,0.932337188,1.071376907,,,
6.53,0.9634444,0.989725531,1.016006662,,,,6.53,0.79341093,0.932405545,1.07140016,,,
6.54,0.963512266,0.989750939,1.015989612,,,,6.54,0.793524044,0.932473668,1.071423292,,,
6.55,0.963579903,0.989776243,1.015972583,,,,6.55,0.793636813,0.932541558,1.071446303,,,
6.56,0.963647311,0.989801442,1.015955573,,,,6.56,0.793749238,0.932609216,1.071469195,,,
6.57,0.963714492,0.989826538,1.015938584,,,,6.57,0.793861322,0.932676644,1.071491967,,,
6.58,0.963781446,0.989851531,1.015921616,,,,6.58,0.793973065,0.932743843,1.071514621,,,
6.59,0.963848176,0.989876422,1.015904668,,,,6.59,0.79408447,0.932810814,1.071537158,,,
6.6,0.963914682,0.989901211,1.01588774,,,,6.6,0.794195539,0.932877558,1.071559577,,,
6.61,0.963980965,0.989925899,1.015870833,,,,6.61,0.794306272,0.932944076,1.071581881,,,
6.62,0.964047026,0.989950486,1.015853947,,,,6.62,0.794416672,0.93301037,1.071604069,,,
6.63,0.964112867,0.989974974,1.015837081,,,,6.63,0.79452674,0.933076441,1.071626142,,,
6.64,0.964178488,0.989999362,1.015820236,,,,6.64,0.794636478,0.93314229,1.071648102,,,
6.65,0.964243891,0.990023651,1.015803412,,,,6.65,0.794745887,0.933207917,1.071669948,,,
6.66,0.964309076,0.990047842,1.015786609,,,,6.66,0.794854969,0.933273326,1.071691682,,,
6.67,0.964374046,0.990071936,1.015769826,,,,6.67,0.794963725,0.933338515,1.071713305,,,
6.68,0.9644388,0.990095932,1.015753064,,,,6.68,0.795072158,0.933403487,1.071734816,,,
6.69,0.96450334,0.990119832,1.015736323,,,,6.69,0.795180268,0.933468243,1.071756217,,,
6.7,0.964567667,0.990143635,1.015719604,,,,6.7,0.795288058,0.933532783,1.071777508,,,
6.71,0.964631782,0.990167343,1.015702905,,,,6.71,0.795395528,0.93359711,1.071798691,,,
6.72,0.964695686,0.990190957,1.015686227,,,,6.72,0.795502681,0.933661223,1.071819765,,,
6.73,0.964759381,0.990214475,1.01566957,,,,6.73,0.795609517,0.933725125,1.071840732,,,
6.74,0.964822866,0.9902379,1.015652934,,,,6.74,0.795716039,0.933788815,1.071861592,,,
6.75,0.964886144,0.990261232,1.01563632,,,,6.75,0.795822248,0.933852297,1.071882345,,,
6.76,0.964949215,0.99028447,1.015619726,,,,6.76,0.795928145,0.933915569,1.071902993,,,
6.77,0.96501208,0.990307617,1.015603154,,,,6.77,0.796033731,0.933978634,1.071923537,,,
6.78,0.96507474,0.990330671,1.015586603,,,,6.78,0.796139009,0.934041492,1.071943976,,,
6.79,0.965137196,0.990353635,1.015570073,,,,6.79,0.79624398,0.934104146,1.071964311,,,
6.8,0.96519945,0.990376507,1.015553564,,,,6.8,0.796348645,0.934166594,1.071984544,,,
6.81,0.965261502,0.990399289,1.015537077,,,,6.81,0.796453005,0.93422884,1.072004674,,,
6.82,0.965323353,0.990421982,1.015520611,,,,6.82,0.796557063,0.934290883,1.072024703,,,
6.83,0.965385004,0.990444585,1.015504166,,,,6.83,0.796660819,0.934352724,1.07204463,,,
6.84,0.965446456,0.990467099,1.015487743,,,,6.84,0.796764275,0.934414366,1.072064457,,,
6.85,0.96550771,0.990489525,1.015471341,,,,6.85,0.796867432,0.934475808,1.072084185,,,
6.86,0.965568767,0.990511864,1.01545496,,,,6.86,0.796970292,0.934537052,1.072103813,,,
6.87,0.965629629,0.990534115,1.015438601,,,,6.87,0.797072856,0.934598099,1.072123342,,,
6.88,0.965690295,0.990556279,1.015422263,,,,6.88,0.797175125,0.93465895,1.072142774,,,
6.89,0.965750767,0.990578357,1.015405947,,,,6.89,0.797277101,0.934719605,1.072162108,,,
6.9,0.965811045,0.990600349,1.015389652,,,,6.9,0.797378786,0.934780066,1.072181346,,,
6.91,0.965871131,0.990622255,1.015373379,,,,6.91,0.79748018,0.934840334,1.072200487,,,
6.92,0.965931026,0.990644077,1.015357127,,,,6.92,0.797581285,0.934900409,1.072219533,,,
6.93,0.965990731,0.990665814,1.015340897,,,,6.93,0.797682102,0.934960293,1.072238484,,,
6.94,0.966050246,0.990687467,1.015324688,,,,6.94,0.797782633,0.935019987,1.07225734,,,
6.95,0.966109572,0.990709036,1.015308501,,,,6.95,0.797882879,0.935079491,1.072276103,,,
6.96,0.96616871,0.990730523,1.015292335,,,,6.96,0.79798284,0.935138806,1.072294772,,,
6.97,0.966227661,0.990751926,1.015276191,,,,6.97,0.79808252,0.935197934,1.072313348,,,
6.98,0.966286427,0.990773248,1.015260069,,,,6.98,0.798181918,0.935256875,1.072331833,,,
6.99,0.966345007,0.990794488,1.015243968,,,,6.99,0.798281036,0.935315631,1.072350225,,,
7,0.966403403,0.990815646,1.015227889,,,,7,0.798379876,0.935374201,1.072368527,,,
7.01,0.966461616,0.990836724,1.015211832,,,,7.01,0.798478438,0.935432588,1.072386738,,,
7.02,0.966519646,0.990857721,1.015195796,,,,7.02,0.798576724,0.935490792,1.072404859,,,
7.03,0.966577494,0.990878638,1.015179782,,,,7.03,0.798674735,0.935548813,1.072422891,,,
7.04,0.966635161,0.990899475,1.015163789,,,,7.04,0.798772473,0.935606653,1.072440834,,,
7.05,0.966692649,0.990920233,1.015147818,,,,7.05,0.798869938,0.935664313,1.072458688,,,
7.06,0.966749957,0.990940913,1.015131869,,,,7.06,0.798967132,0.935721793,1.072476455,,,
7.07,0.966807087,0.990961514,1.015115942,,,,7.07,0.799064056,0.935779095,1.072494134,,,
7.08,0.96686404,0.990982038,1.015100036,,,,7.08,0.799160712,0.935836219,1.072511727,,,
7.09,0.966920815,0.991002484,1.015084152,,,,7.09,0.7992571,0.935893166,1.072529233,,,
7.1,0.966977415,0.991022852,1.015068289,,,,7.1,0.799353221,0.935949938,1.072546654,,,
7.11,0.96703384,0.991043144,1.015052449,,,,7.11,0.799449078,0.936006533,1.072563989,,,
7.12,0.967090091,0.99106336,1.01503663,,,,7.12,0.799544671,0.936062955,1.072581239,,,
7.13,0.967146168,0.9910835,1.015020833,,,,7.13,0.799640001,0.936119203,1.072598405,,,
7.14,0.967202073,0.991103565,1.015005057,,,,7.14,0.79973507,0.936175279,1.072615488,,,
7.15,0.967257805,0.991123554,1.014989303,,,,7.15,0.799829878,0.936231182,1.072632487,,,
7.16,0.967313367,0.991143469,1.014973571,,,,7.16,0.799924427,0.936286915,1.072649403,,,
7.17,0.967368759,0.99116331,1.014957861,,,,7.17,0.800018717,0.936342477,1.072666237,,,
7.18,0.96742398,0.991183077,1.014942173,,,,7.18,0.800112751,0.93639787,1.072682989,,,
7.19,0.967479034,0.99120277,1.014926506,,,,7.19,0.80020653,0.936453095,1.07269966,,,
7.2,0.967533919,0.99122239,1.014910861,,,,7.2,0.800300053,0.936508152,1.07271625,,,
7.21,0.967588637,0.991241937,1.014895238,,,,7.21,0.800393323,0.936563041,1.07273276,,,
7.22,0.967643189,0.991261412,1.014879636,,,,7.22,0.800486341,0.936617765,1.072749189,,,
7.23,0.967697575,0.991280816,1.014864056,,,,7.23,0.800579107,0.936672323,1.07276554,,,
7.24,0.967751796,0.991300147,1.014848498,,,,7.24,0.800671623,0.936726717,1.072781811,,,
7.25,0.967805853,0.991319407,1.014832962,,,,7.25,0.80076389,0.936780947,1.072798003,,,
7.26,0.967859747,0.991338597,1.014817447,,,,7.26,0.800855909,0.936835013,1.072814118,,,
7.27,0.967913477,0.991357716,1.014801954,,,,7.27,0.800947681,0.936888918,1.072830155,,,
7.28,0.967967046,0.991376765,1.014786483,,,,7.28,0.801039207,0.936942661,1.072846114,,,
7.29,0.968020454,0.991395744,1.014771034,,,,7.29,0.801130488,0.936996243,1.072861997,,,
7.3,0.968073701,0.991414654,1.014755606,,,,7.3,0.801221526,0.937049665,1.072877804,,,
7.31,0.968126789,0.991433494,1.0147402,,,,7.31,0.801312321,0.937102928,1.072893534,,,
7.32,0.968179717,0.991452266,1.014724816,,,,7.32,0.801402874,0.937156032,1.07290919,,,
7.33,0.968232487,0.99147097,1.014709453,,,,7.33,0.801493187,0.937208979,1.07292477,,,
7.34,0.968285099,0.991489606,1.014694112,,,,7.34,0.801583261,0.937261768,1.072940276,,,
7.35,0.968337555,0.991508174,1.014678793,,,,7.35,0.801673096,0.937314401,1.072955707,,,
7.36,0.968389854,0.991526675,1.014663495,,,,7.36,0.801762693,0.937366879,1.072971065,,,
7.37,0.968441998,0.991545109,1.01464822,,,,7.37,0.801852054,0.937419202,1.072986349,,,
7.38,0.968493986,0.991563476,1.014632965,,,,7.38,0.80194118,0.93747137,1.073001561,,,
7.39,0.968545821,0.991581777,1.014617733,,,,7.39,0.802030071,0.937523385,1.0730167,,,
7.4,0.968597502,0.991600012,1.014602522,,,,7.4,0.802118729,0.937575247,1.073031766,,,
7.41,0.968649031,0.991618182,1.014587333,,,,7.41,0.802207154,0.937626958,1.073046762,,,
7.42,0.968700407,0.991636286,1.014572165,,,,7.42,0.802295348,0.937678517,1.073061686,,,
7.43,0.968751631,0.991654325,1.014557019,,,,7.43,0.802383311,0.937729925,1.073076539,,,
7.44,0.968802705,0.9916723,1.014541895,,,,7.44,0.802471046,0.937781183,1.073091321,,,
7.45,0.968853629,0.991690211,1.014526792,,,,7.45,0.802558551,0.937832292,1.073106034,,,
7.46,0.968904403,0.991708057,1.014511711,,,,7.46,0.802645829,0.937883253,1.073120677,,,
7.47,0.968955029,0.99172584,1.014496651,,,,7.47,0.802732881,0.937934065,1.07313525,,,
7.48,0.969005506,0.99174356,1.014481613,,,,7.48,0.802819707,0.937984731,1.073149755,,,
7.49,0.969055836,0.991761217,1.014466597,,,,7.49,0.802906308,0.93803525,1.073164191,,,
7.5,0.969106019,0.991778811,1.014451602,,,,7.5,0.802992686,0.938085622,1.073178559,,,
7.51,0.969156056,0.991796342,1.014436629,,,,7.51,0.803078841,0.93813585,1.073192859,,,
7.52,0.969205947,0.991813812,1.014421677,,,,7.52,0.803164774,0.938185933,1.073207092,,,
7.53,0.969255693,0.99183122,1.014406747,,,,7.53,0.803250487,0.938235872,1.073221257,,,
7.54,0.969305295,0.991848566,1.014391838,,,,7.54,0.803335979,0.938285668,1.073235356,,,
7.55,0.969354753,0.991865852,1.014376951,,,,7.55,0.803421252,0.938335321,1.073249389,,,
7.56,0.969404068,0.991883076,1.014362085,,,,7.56,0.803506308,0.938384832,1.073263356,,,
7.57,0.96945324,0.99190024,1.01434724,,,,7.57,0.803591146,0.938434202,1.073277258,,,
7.58,0.969502271,0.991917344,1.014332417,,,,7.58,0.803675767,0.938483431,1.073291094,,,
7.59,0.96955116,0.991934388,1.014317616,,,,7.59,0.803760174,0.938532519,1.073304865,,,
7.6,0.969599909,0.991951372,1.014302836,,,,7.6,0.803844366,0.938581469,1.073318572,,,
7.61,0.969648517,0.991968297,1.014288077,,,,7.61,0.803928344,0.938630279,1.073332215,,,
7.62,0.969696987,0.991985163,1.01427334,,,,7.62,0.80401211,0.938678952,1.073345794,,,
7.63,0.969745317,0.99200197,1.014258624,,,,7.63,0.804095663,0.938727486,1.073359309,,,
7.64,0.969793509,0.992018719,1.014243929,,,,7.64,0.804179006,0.938775884,1.073372762,,,
7.65,0.969841564,0.99203541,1.014229256,,,,7.65,0.804262139,0.938824145,1.073386151,,,
7.66,0.969889481,0.992052043,1.014214604,,,,7.66,0.804345062,0.93887227,1.073399479,,,
7.67,0.969937262,0.992068618,1.014199974,,,,7.67,0.804427777,0.938920261,1.073412744,,,
7.68,0.969984907,0.992085136,1.014185364,,,,7.68,0.804510285,0.938968116,1.073425948,,,
7.69,0.970032416,0.992101596,1.014170776,,,,7.69,0.804592586,0.939015838,1.07343909,,,
7.7,0.970079791,0.992118,1.01415621,,,,7.7,0.804674681,0.939063426,1.073452171,,,
7.71,0.970127032,0.992134348,1.014141664,,,,7.71,0.804756571,0.939110881,1.073465191,,,
7.72,0.970174139,0.992150639,1.01412714,,,,7.72,0.804838257,0.939158204,1.073478151,,,
7.73,0.970221113,0.992166875,1.014112637,,,,7.73,0.804919739,0.939205395,1.073491051,,,
7.74,0.970267954,0.992183054,1.014098155,,,,7.74,0.805001019,0.939252455,1.073503892,,,
7.75,0.970314664,0.992199179,1.014083694,,,,7.75,0.805082098,0.939299385,1.073516672,,,
7.76,0.970361242,0.992215248,1.014069254,,,,7.76,0.805162975,0.939346185,1.073529394,,,
7.77,0.970407689,0.992231262,1.014054836,,,,7.77,0.805243653,0.939392855,1.073542057,,,
7.78,0.970454006,0.992247222,1.014040438,,,,7.78,0.805324131,0.939439396,1.073554661,,,
7.79,0.970500193,0.992263128,1.014026062,,,,7.79,0.805404411,0.939485809,1.073567208,,,
7.8,0.970546251,0.992278979,1.014011707,,,,7.8,0.805484493,0.939532095,1.073579696,,,
7.81,0.970592181,0.992294777,1.013997373,,,,7.81,0.805564379,0.939578253,1.073592127,,,
7.82,0.970637982,0.992310521,1.013983059,,,,7.82,0.805644068,0.939624284,1.073604501,,,
7.83,0.970683656,0.992326211,1.013968767,,,,7.83,0.805723562,0.93967019,1.073616817,,,
7.84,0.970729202,0.992341849,1.013954496,,,,7.84,0.805802862,0.93971597,1.073629077,,,
7.85,0.970774622,0.992357434,1.013940246,,,,7.85,0.805881968,0.939761625,1.073641281,,,
7.86,0.970819916,0.992372966,1.013926017,,,,7.86,0.805960881,0.939807155,1.073653429,,,
7.87,0.970865085,0.992388447,1.013911808,,,,7.87,0.806039602,0.939852561,1.073665521,,,
7.88,0.970910128,0.992403875,1.013897621,,,,7.88,0.806118132,0.939897845,1.073677557,,,
7.89,0.970955047,0.992419251,1.013883455,,,,7.89,0.806196471,0.939943005,1.073689539,,,
7.9,0.970999842,0.992434576,1.013869309,,,,7.9,0.80627462,0.939988043,1.073701465,,,
7.91,0.971044514,0.992449849,1.013855184,,,,7.91,0.80635258,0.940032958,1.073713337,,,
7.92,0.971089063,0.992465071,1.01384108,,,,7.92,0.806430351,0.940077753,1.073725155,,,
7.93,0.971133489,0.992480243,1.013826997,,,,7.93,0.806507935,0.940122427,1.073736919,,,
7.94,0.971177793,0.992495364,1.013812934,,,,7.94,0.806585333,0.94016698,1.073748628,,,
7.95,0.971221976,0.992510434,1.013798893,,,,7.95,0.806662543,0.940211414,1.073760285,,,
7.96,0.971266038,0.992525455,1.013784872,,,,7.96,0.806739569,0.940255729,1.073771888,,,
7.97,0.97130998,0.992540426,1.013770872,,,,7.97,0.80681641,0.940299924,1.073783439,,,
7.98,0.971353801,0.992555347,1.013756892,,,,7.98,0.806893067,0.940344002,1.073794937,,,
7.99,0.971397503,0.992570218,1.013742933,,,,7.99,0.806969541,0.940387961,1.073806382,,,
8,0.971441087,0.992585041,1.013728995,,,,8,0.807045832,0.940431804,1.073817776,,,
8.01,0.971484551,0.992599814,1.013715077,,,,8.01,0.807121941,0.940475529,1.073829117,,,
8.02,0.971527898,0.992614539,1.01370118,,,,8.02,0.80719787,0.940519139,1.073840407,,,
8.03,0.971571127,0.992629215,1.013687304,,,,8.03,0.807273618,0.940562632,1.073851646,,,
8.04,0.971614239,0.992643843,1.013673448,,,,8.04,0.807349186,0.94060601,1.073862834,,,
8.05,0.971657234,0.992658424,1.013659613,,,,8.05,0.807424575,0.940649273,1.073873971,,,
8.06,0.971700114,0.992672956,1.013645798,,,,8.06,0.807499786,0.940692422,1.073885058,,,
8.07,0.971742877,0.99268744,1.013632003,,,,8.07,0.80757482,0.940735457,1.073896094,,,
8.08,0.971785526,0.992701878,1.013618229,,,,8.08,0.807649676,0.940778379,1.073907081,,,
8.09,0.97182806,0.992716268,1.013604476,,,,8.09,0.807724357,0.940821187,1.073918018,,,
8.1,0.971870479,0.992730611,1.013590743,,,,8.1,0.807798861,0.940863883,1.073928905,,,
8.11,0.971912785,0.992744907,1.01357703,,,,8.11,0.807873191,0.940906467,1.073939743,,,
8.12,0.971954977,0.992759157,1.013563338,,,,8.12,0.807947347,0.94094894,1.073950532,,,
8.13,0.971997056,0.992773361,1.013549666,,,,8.13,0.808021329,0.940991301,1.073961273,,,
8.14,0.972039023,0.992787519,1.013536014,,,,8.14,0.808095138,0.941033552,1.073971965,,,
8.15,0.972080878,0.99280163,1.013522382,,,,8.15,0.808168775,0.941075692,1.073982609,,,
8.16,0.972122622,0.992815696,1.013508771,,,,8.16,0.808242241,0.941117723,1.073993205,,,
8.17,0.972164254,0.992829717,1.01349518,,,,8.17,0.808315536,0.941159644,1.074003753,,,
8.18,0.972205775,0.992843692,1.013481609,,,,8.18,0.80838866,0.941201457,1.074014254,,,
8.19,0.972247187,0.992857623,1.013468059,,,,8.19,0.808461615,0.941243161,1.074024707,,,
8.2,0.972288488,0.992871508,1.013454528,,,,8.2,0.808534401,0.941284757,1.074035114,,,
8.21,0.97232968,0.992885349,1.013441018,,,,8.21,0.808607019,0.941326246,1.074045474,,,
8.22,0.972370764,0.992899146,1.013427528,,,,8.22,0.808679469,0.941367628,1.074055787,,,
8.23,0.972411738,0.992912898,1.013414057,,,,8.23,0.808751752,0.941408903,1.074066054,,,
8.24,0.972452605,0.992926606,1.013400607,,,,8.24,0.808823868,0.941450072,1.074076275,,,
8.25,0.972493364,0.992940271,1.013387177,,,,8.25,0.808895819,0.941491135,1.07408645,,,
8.26,0.972534016,0.992953891,1.013373767,,,,8.26,0.808967605,0.941532092,1.07409658,,,
8.27,0.97257456,0.992967469,1.013360377,,,,8.27,0.809039226,0.941572945,1.074106664,,,
8.28,0.972614999,0.992981003,1.013347007,,,,8.28,0.809110683,0.941613693,1.074116703,,,
8.29,0.972655331,0.992994494,1.013333657,,,,8.29,0.809181977,0.941654337,1.074126697,,,
8.3,0.972695558,0.993007942,1.013320326,,,,8.3,0.809253109,0.941694878,1.074136646,,,
8.31,0.97273568,0.993021348,1.013307016,,,,8.31,0.809324078,0.941735315,1.074146551,,,
8.32,0.972775697,0.993034711,1.013293725,,,,8.32,0.809394886,0.941775649,1.074156412,,,
8.33,0.97281561,0.993048032,1.013280454,,,,8.33,0.809465533,0.941815881,1.074166229,,,
8.34,0.972855419,0.993061311,1.013267203,,,,8.34,0.80953602,0.941856011,1.074176002,,,
8.35,0.972895124,0.993074548,1.013253972,,,,8.35,0.809606347,0.941896039,1.074185731,,,
8.36,0.972934726,0.993087743,1.01324076,,,,8.36,0.809676515,0.941935966,1.074195417,,,
8.37,0.972974225,0.993100897,1.013227568,,,,8.37,0.809746525,0.941975792,1.07420506,,,
8.38,0.973013622,0.993114009,1.013214396,,,,8.38,0.809816377,0.942015518,1.074214659,,,
8.39,0.973052917,0.99312708,1.013201244,,,,8.39,0.809886071,0.942055144,1.074224217,,,
8.4,0.97309211,0.993140111,1.013188111,,,,8.4,0.809955609,0.94209467,1.074233731,,,
8.41,0.973131203,0.9931531,1.013174997,,,,8.41,0.810024991,0.942134097,1.074243203,,,
8.42,0.973170194,0.993166049,1.013161904,,,,8.42,0.810094217,0.942173425,1.074252634,,,
8.43,0.973209085,0.993178957,1.013148829,,,,8.43,0.810163288,0.942212655,1.074262022,,,
8.44,0.973247877,0.993191826,1.013135775,,,,8.44,0.810232205,0.942251787,1.074271368,,,
8.45,0.973286568,0.993204654,1.013122739,,,,8.45,0.810300968,0.942290821,1.074280673,,,
8.46,0.97332516,0.993217442,1.013109724,,,,8.46,0.810369577,0.942329757,1.074289937,,,
8.47,0.973363654,0.993230191,1.013096727,,,,8.47,0.810438034,0.942368597,1.07429916,,,
8.48,0.973402049,0.9932429,1.01308375,,,,8.48,0.810506339,0.94240734,1.074308342,,,
8.49,0.973440345,0.993255569,1.013070793,,,,8.49,0.810574492,0.942445987,1.074317483,,,
8.5,0.973478544,0.9932682,1.013057855,,,,8.5,0.810642495,0.942484539,1.074326583,,,
8.51,0.973516646,0.993280791,1.013044936,,,,8.51,0.810710346,0.942522995,1.074335643,,,
8.52,0.973554651,0.993293343,1.013032036,,,,8.52,0.810778048,0.942561356,1.074344664,,,
8.53,0.973592559,0.993305857,1.013019156,,,,8.53,0.8108456,0.942599622,1.074353644,,,
8.54,0.973630371,0.993318333,1.013006295,,,,8.54,0.810913004,0.942637794,1.074362585,,,
8.55,0.973668086,0.99333077,1.012993453,,,,8.55,0.810980259,0.942675872,1.074371486,,,
8.56,0.973705707,0.993343168,1.01298063,,,,8.56,0.811047367,0.942713857,1.074380347,,,
8.57,0.973743232,0.993355529,1.012967827,,,,8.57,0.811114327,0.942751748,1.07438917,,,
8.58,0.973780662,0.993367852,1.012955042,,,,8.58,0.81118114,0.942789547,1.074397953,,,
8.59,0.973817998,0.993380137,1.012942277,,,,8.59,0.811247808,0.942827253,1.074406698,,,
8.6,0.97385524,0.993392385,1.012929531,,,,8.6,0.811314329,0.942864867,1.074415404,,,
8.61,0.973892388,0.993404596,1.012916803,,,,8.61,0.811380706,0.942902389,1.074424072,,,
8.62,0.973929442,0.993416769,1.012904095,,,,8.62,0.811446938,0.94293982,1.074432702,,,
8.63,0.973966404,0.993428905,1.012891406,,,,8.63,0.811513026,0.94297716,1.074441294,,,
8.64,0.974003272,0.993441004,1.012878736,,,,8.64,0.81157897,0.943014409,1.074449847,,,
8.65,0.974040049,0.993453067,1.012866084,,,,8.65,0.811644772,0.943051567,1.074458363,,,
8.66,0.974076733,0.993465093,1.012853452,,,,8.66,0.81171043,0.943088636,1.074466842,,,
8.67,0.974113326,0.993477082,1.012840838,,,,8.67,0.811775947,0.943125615,1.074475283,,,
8.68,0.974149827,0.993489035,1.012828243,,,,8.68,0.811841322,0.943162505,1.074483687,,,
8.69,0.974186238,0.993500953,1.012815668,,,,8.69,0.811906556,0.943199305,1.074492054,,,
8.7,0.974222557,0.993512834,1.01280311,,,,8.7,0.81197165,0.943236017,1.074500385,,,
8.71,0.974258787,0.993524679,1.012790572,,,,8.71,0.812036604,0.943272641,1.074508679,,,
8.72,0.974294926,0.993536489,1.012778052,,,,8.72,0.812101418,0.943309177,1.074516936,,,
8.73,0.974330976,0.993548263,1.012765551,,,,8.73,0.812166093,0.943345625,1.074525157,,,
8.74,0.974366936,0.993560002,1.012753069,,,,8.74,0.81223063,0.943381986,1.074533342,,,
8.75,0.974402807,0.993571706,1.012740605,,,,8.75,0.812295028,0.943418259,1.074541491,,,
8.76,0.97443859,0.993583375,1.01272816,,,,8.76,0.812359289,0.943454447,1.074549604,,,
8.77,0.974474284,0.993595009,1.012715734,,,,8.77,0.812423413,0.943490547,1.074557682,,,
8.78,0.974509891,0.993606608,1.012703326,,,,8.78,0.8124874,0.943526562,1.074565724,,,
8.79,0.974545409,0.993618173,1.012690936,,,,8.79,0.812551251,0.943562491,1.074573731,,,
8.8,0.97458084,0.993629703,1.012678565,,,,8.8,0.812614967,0.943598335,1.074581703,,,
8.81,0.974616184,0.993641199,1.012666213,,,,8.81,0.812678547,0.943634094,1.07458964,,,
8.82,0.974651442,0.99365266,1.012653879,,,,8.82,0.812741993,0.943669768,1.074597542,,,
8.83,0.974686613,0.993664088,1.012641563,,,,8.83,0.812805305,0.943705357,1.07460541,,,
8.84,0.974721698,0.993675482,1.012629266,,,,8.84,0.812868482,0.943740863,1.074613243,,,
8.85,0.974756697,0.993686842,1.012616987,,,,8.85,0.812931527,0.943776284,1.074621042,,,
8.86,0.97479161,0.993698168,1.012604727,,,,8.86,0.812994439,0.943811622,1.074628806,,,
8.87,0.974826438,0.993709461,1.012592484,,,,8.87,0.813057218,0.943846877,1.074636537,,,
8.88,0.974861182,0.993720721,1.01258026,,,,8.88,0.813119865,0.94388205,1.074644234,,,
8.89,0.974895841,0.993731948,1.012568054,,,,8.89,0.813182381,0.943917139,1.074651897,,,
8.9,0.974930415,0.993743141,1.012555867,,,,8.9,0.813244766,0.943952147,1.074659527,,,
8.91,0.974964906,0.993754302,1.012543698,,,,8.91,0.813307021,0.943987072,1.074667123,,,
8.92,0.974999313,0.99376543,1.012531546,,,,8.92,0.813369145,0.944021916,1.074674687,,,
8.93,0.975033637,0.993776525,1.012519413,,,,8.93,0.81343114,0.944056679,1.074682217,,,
8.94,0.975067877,0.993787588,1.012507298,,,,8.94,0.813493006,0.94409136,1.074689714,,,
8.95,0.975102035,0.993798618,1.012495201,,,,8.95,0.813554743,0.944125961,1.074697179,,,
8.96,0.97513611,0.993809616,1.012483122,,,,8.96,0.813616352,0.944160481,1.074704611,,,
8.97,0.975170104,0.993820582,1.012471061,,,,8.97,0.813677832,0.944194921,1.07471201,,,
8.98,0.975204015,0.993831517,1.012459018,,,,8.98,0.813739186,0.944229282,1.074719378,,,
8.99,0.975237845,0.993842419,1.012446993,,,,8.99,0.813800412,0.944263562,1.074726713,,,
9,0.975271593,0.99385329,1.012434986,,,,9,0.813861512,0.944297764,1.074734016,,,
9.01,0.975305261,0.993864129,1.012422997,,,,9.01,0.813922486,0.944331886,1.074741287,,,
9.02,0.975338847,0.993874936,1.012411025,,,,9.02,0.813983334,0.94436593,1.074748527,,,
9.03,0.975372354,0.993885713,1.012399072,,,,9.03,0.814044057,0.944399896,1.074755735,,,
9.04,0.97540578,0.993896458,1.012387136,,,,9.04,0.814104655,0.944433783,1.074762911,,,
9.05,0.975439126,0.993907172,1.012375218,,,,9.05,0.814165129,0.944467592,1.074770056,,,
9.06,0.975472393,0.993917855,1.012363318,,,,9.06,0.814225478,0.944501324,1.074777171,,,
9.07,0.975505581,0.993928508,1.012351435,,,,9.07,0.814285704,0.944534979,1.074784254,,,
9.08,0.975538689,0.99393913,1.01233957,,,,9.08,0.814345807,0.944568557,1.074791306,,,
9.09,0.975571719,0.993949721,1.012327723,,,,9.09,0.814405788,0.944602058,1.074798328,,,
9.1,0.97560467,0.993960282,1.012315893,,,,9.1,0.814465646,0.944635482,1.074805319,,,
9.11,0.975637543,0.993970812,1.012304081,,,,9.11,0.814525382,0.944668831,1.074812279,,,
9.12,0.975670339,0.993981313,1.012292287,,,,9.12,0.814584997,0.944702103,1.074819209,,,
9.13,0.975703056,0.993991783,1.01228051,,,,9.13,0.81464449,0.9447353,1.07482611,,,
9.14,0.975735696,0.994002224,1.012268751,,,,9.14,0.814703863,0.944768421,1.07483298,,,
9.15,0.97576826,0.994012634,1.012257009,,,,9.15,0.814763116,0.944801468,1.07483982,,,
9.16,0.975800746,0.994023015,1.012245284,,,,9.16,0.814822249,0.944834439,1.07484663,,,
9.17,0.975833156,0.994033367,1.012233577,,,,9.17,0.814881262,0.944867336,1.074853411,,,
9.18,0.975865489,0.994043688,1.012221888,,,,9.18,0.814940156,0.944900159,1.074860162,,,
9.19,0.975897747,0.994053981,1.012210215,,,,9.19,0.814998932,0.944932908,1.074866884,,,
9.2,0.975929929,0.994064245,1.01219856,,,,9.2,0.815057589,0.944965583,1.074873577,,,
9.21,0.975962035,0.994074479,1.012186923,,,,9.21,0.815116129,0.944998185,1.07488024,,,
9.22,0.975994066,0.994084684,1.012175302,,,,9.22,0.815174551,0.945030713,1.074886875,,,
9.23,0.976026022,0.994094861,1.012163699,,,,9.23,0.815232856,0.945063168,1.074893481,,,
9.24,0.976057904,0.994105008,1.012152113,,,,9.24,0.815291044,0.945095551,1.074900058,,,
9.25,0.976089711,0.994115128,1.012140544,,,,9.25,0.815349117,0.945127861,1.074906606,,,
9.26,0.976121444,0.994125218,1.012128993,,,,9.26,0.815407073,0.945160099,1.074913126,,,
9.27,0.976153102,0.99413528,1.012117458,,,,9.27,0.815464913,0.945192265,1.074919618,,,
9.28,0.976184688,0.994145314,1.012105941,,,,9.28,0.815522639,0.94522436,1.074926081,,,
9.29,0.9762162,0.99415532,1.012094441,,,,9.29,0.815580249,0.945256383,1.074932516,,,
9.3,0.976247638,0.994165298,1.012082957,,,,9.3,0.815637746,0.945288335,1.074938924,,,
9.31,0.976279004,0.994175248,1.012071491,,,,9.31,0.815695128,0.945320216,1.074945303,,,
9.32,0.976310297,0.99418517,1.012060042,,,,9.32,0.815752397,0.945352026,1.074951655,,,
9.33,0.976341518,0.994195064,1.01204861,,,,9.33,0.815809552,0.945383766,1.074957979,,,
9.34,0.976372666,0.99420493,1.012037194,,,,9.34,0.815866595,0.945415435,1.074964276,,,
9.35,0.976403743,0.994214769,1.012025796,,,,9.35,0.815923525,0.945447035,1.074970545,,,
9.36,0.976434748,0.994224581,1.012014414,,,,9.36,0.815980342,0.945478565,1.074976787,,,
9.37,0.976465681,0.994234365,1.012003049,,,,9.37,0.816037048,0.945510025,1.074983002,,,
9.38,0.976496544,0.994244123,1.011991702,,,,9.38,0.816093643,0.945541416,1.07498919,,,
9.39,0.976527335,0.994253853,1.01198037,,,,9.39,0.816150127,0.945572739,1.074995351,,,
9.4,0.976558056,0.994263556,1.011969056,,,,9.4,0.8162065,0.945603992,1.075001485,,,
9.41,0.976588706,0.994273232,1.011957758,,,,9.41,0.816262762,0.945635177,1.075007593,,,
9.42,0.976619286,0.994282882,1.011946477,,,,9.42,0.816318915,0.945666294,1.075013674,,,
9.43,0.976649796,0.994292504,1.011935213,,,,9.43,0.816374958,0.945697343,1.075019728,,,
9.44,0.976680236,0.994302101,1.011923965,,,,9.44,0.816430891,0.945728324,1.075025757,,,
9.45,0.976710607,0.994311671,1.011912734,,,,9.45,0.816486716,0.945759237,1.075031759,,,
9.46,0.976740909,0.994321214,1.01190152,,,,9.46,0.816542432,0.945790084,1.075037735,,,
9.47,0.976771141,0.994330731,1.011890322,,,,9.47,0.81659804,0.945820863,1.075043685,,,
9.48,0.976801305,0.994340223,1.01187914,,,,9.48,0.81665354,0.945851575,1.075049609,,,
9.49,0.9768314,0.994349688,1.011867975,,,,9.49,0.816708933,0.94588222,1.075055508,,,
9.5,0.976861427,0.994359127,1.011856827,,,,9.5,0.816764218,0.945912799,1.07506138,,,
9.51,0.976891385,0.99436854,1.011845695,,,,9.51,0.816819397,0.945943312,1.075067228,,,
9.52,0.976921276,0.994377928,1.011834579,,,,9.52,0.816874469,0.945973759,1.07507305,,,
9.53,0.976951099,0.99438729,1.01182348,,,,9.53,0.816929435,0.946004141,1.075078846,,,
9.54,0.976980855,0.994396626,1.011812397,,,,9.54,0.816984296,0.946034456,1.075084617,,,
9.55,0.977010544,0.994405937,1.011801331,,,,9.55,0.81703905,0.946064707,1.075090364,,,
9.56,0.977040165,0.994415223,1.011790281,,,,9.56,0.8170937,0.946094892,1.075096085,,,
9.57,0.97706972,0.994424483,1.011779247,,,,9.57,0.817148245,0.946125013,1.075101781,,,
9.58,0.977099208,0.994433718,1.011768229,,,,9.58,0.817202685,0.946155069,1.075107453,,,
9.59,0.97712863,0.994442929,1.011757227,,,,9.59,0.817257022,0.946185061,1.0751131,,,
9.6,0.977157986,0.994452114,1.011746242,,,,9.6,0.817311254,0.946214988,1.075118722,,,
9.61,0.977187276,0.994461274,1.011735273,,,,9.61,0.817365383,0.946244852,1.07512432,,,
9.62,0.9772165,0.99447041,1.01172432,,,,9.62,0.817419409,0.946274651,1.075129894,,,
9.63,0.977245659,0.994479521,1.011713383,,,,9.63,0.817473332,0.946304388,1.075135443,,,
9.64,0.977274753,0.994488607,1.011702462,,,,9.64,0.817527153,0.946334061,1.075140968,,,
9.65,0.977303782,0.994497669,1.011691557,,,,9.65,0.817580872,0.94636367,1.075146469,,,
9.66,0.977332745,0.994506707,1.011680668,,,,9.66,0.817634488,0.946393217,1.075151946,,,
9.67,0.977361645,0.99451572,1.011669795,,,,9.67,0.817688003,0.946422701,1.075157399,,,
9.68,0.97739048,0.994524709,1.011658939,,,,9.68,0.817741417,0.946452123,1.075162829,,,
9.69,0.977419251,0.994533674,1.011648098,,,,9.69,0.817794731,0.946481483,1.075168235,,,
9.7,0.977447957,0.994542615,1.011637273,,,,9.7,0.817847943,0.94651078,1.075173617,,,
9.71,0.977476601,0.994551532,1.011626463,,,,9.71,0.817901056,0.946540016,1.075178976,,,
9.72,0.97750518,0.994560425,1.01161567,,,,9.72,0.817954068,0.94656919,1.075184312,,,
9.73,0.977533697,0.994569295,1.011604893,,,,9.73,0.818006981,0.946598302,1.075189624,,,
9.74,0.97756215,0.99457814,1.011594131,,,,9.74,0.818059794,0.946627354,1.075194913,,,
9.75,0.97759054,0.994586963,1.011583385,,,,9.75,0.818112509,0.946656344,1.075200179,,,
9.76,0.977618868,0.994595761,1.011572655,,,,9.76,0.818165125,0.946685273,1.075205422,,,
9.77,0.977647133,0.994604537,1.01156194,,,,9.77,0.818217642,0.946714142,1.075210642,,,
9.78,0.977675336,0.994613289,1.011551241,,,,9.78,0.818270062,0.946742951,1.07521584,,,
9.79,0.977703477,0.994622017,1.011540558,,,,9.79,0.818322383,0.946771699,1.075221015,,,
9.8,0.977731556,0.994630723,1.011529891,,,,9.8,0.818374608,0.946800387,1.075226167,,,
9.81,0.977759573,0.994639406,1.011519239,,,,9.81,0.818426735,0.946829016,1.075231297,,,
9.82,0.977787529,0.994648066,1.011508602,,,,9.82,0.818478765,0.946857584,1.075236404,,,
9.83,0.977815423,0.994656702,1.011497981,,,,9.83,0.818530699,0.946886094,1.075241489,,,
9.84,0.977843257,0.994665316,1.011487376,,,,9.84,0.818582536,0.946914544,1.075246552,,,
9.85,0.977871029,0.994673908,1.011476786,,,,9.85,0.818634278,0.946942935,1.075251592,,,
9.86,0.977898741,0.994682477,1.011466212,,,,9.86,0.818685923,0.946971267,1.075256611,,,
9.87,0.977926393,0.994691023,1.011455653,,,,9.87,0.818737474,0.946999541,1.075261608,,,
9.88,0.977953984,0.994699547,1.011445109,,,,9.88,0.818788929,0.947027756,1.075266582,,,
9.89,0.977981515,0.994708048,1.011434581,,,,9.89,0.81884029,0.947055913,1.075271535,,,
9.9,0.978008986,0.994716527,1.011424068,,,,9.9,0.818891556,0.947084011,1.075276467,,,
9.91,0.978036398,0.994724984,1.011413571,,,,9.91,0.818942728,0.947112052,1.075281377,,,
9.92,0.97806375,0.994733419,1.011403089,,,,9.92,0.818993806,0.947140035,1.075286265,,,
9.93,0.978091042,0.994741832,1.011392622,,,,9.93,0.81904479,0.947167961,1.075291132,,,
9.94,0.978118276,0.994750223,1.01138217,,,,9.94,0.819095681,0.947195829,1.075295978,,,
9.95,0.97814545,0.994758592,1.011371733,,,,9.95,0.819146479,0.947223641,1.075300802,,,
9.96,0.978172566,0.994766939,1.011361312,,,,9.96,0.819197185,0.947251395,1.075305605,,,
9.97,0.978199623,0.994775265,1.011350906,,,,9.97,0.819247798,0.947279092,1.075310387,,,
9.98,0.978226622,0.994783568,1.011340515,,,,9.98,0.819298318,0.947306733,1.075315149,,,
9.99,0.978253562,0.994791851,1.011330139,,,,9.99,0.819348747,0.947334318,1.075319889,,,
10,0.978280445,0.994800112,1.011319778,,,,10,0.819399084,0.947361846,1.075324608,,,
