D1,,,,parameters of the mean fragility,,,D2,,,,parameters of the mean fragility,,
flow depth [m],mean-1sigma fragility,mean fragility,mean+1sigma fragility,median,logarithmic standard deviation,epistemic uncertainty,flow depth [m],mean-1sigma fragility,mean fragility,mean+1sigma fragility,median,logarithmic standard deviation,epistemic uncertainty
0.000001,0,0,0,0.255518255,0.430768995,0.147816244,0.000001,0,0,0,1.240695944,0.587099479,0.065430525
0.01,0,4.64592E-06,9.1004E-05,,,,0.01,0,6.09005E-16,2.68993E-14,,,
0.02,0,7.72654E-05,0.000835155,,,,0.02,0,1.44882E-12,6.06189E-11,,,
0.03,0,0.00038075,0.002844417,,,,0.03,0,7.45145E-11,2.7945E-09,,,
0.04,0,0.001149249,0.006665741,,,,0.04,0,9.98634E-10,3.14655E-08,,,
0.05,0,0.002663679,0.012761901,,,,0.05,0,7.03387E-09,1.75322E-07,,,
0.06,0,0.005237957,0.021504543,,,,0.06,0,3.42837E-08,6.49527E-07,,,
0.07,0,0.009206748,0.033184453,,,,0.07,0,1.30766E-07,1.86072E-06,,,
0.08,0,0.01491094,0.048019737,,,,0.08,0,4.15372E-07,4.49733E-06,,,
0.09,0,0.022681342,0.066156162,,,,0.09,0,1.14075E-06,9.67763E-06,,,
0.1,0,0.032822105,0.087660571,,,,0.1,0,2.78105E-06,1.917E-05,,,
0.11,0,0.045595012,0.112511525,,,,0.11,0,6.14142E-06,3.56571E-05,,,
0.12,0,0.061205339,0.140591767,,,,0.12,0,1.24834E-05,6.2982E-05,,,
0.13,0,0.079789842,0.17168571,,,,0.13,0,2.36578E-05,0.000106323,,,
0.14,0,0.101407373,0.205483363,,,,0.14,0,4.22359E-05,0.000172273,,,
0.15,0.010474408,0.126032658,0.241590908,,,,0.15,0,7.16276E-05,0.000268842,,,
0.16,0.02756021,0.153553776,0.279547343,,,,0.16,0,0.000116176,0.000405378,,,
0.17,0.048701619,0.183773851,0.318846083,,,,0.17,0,0.000181215,0.00059243,,,
0.18,0.073874859,0.21641726,0.35895966,,,,0.18,0,0.000273084,0.000841561,,,
0.19,0.102915432,0.251140269,0.399365106,,,,0.19,0,0.00039909,0.001165102,,,
0.2,0.135523592,0.287545512,0.439567432,,,,0.2,0,0.000567412,0.001575873,,,
0.21,0.171279446,0.325199231,0.479119016,,,,0.21,0,0.000786959,0.002086874,,,
0.22,0.209666234,0.363649871,0.517633508,,,,0.22,0,0.001067182,0.002710965,,,
0.23,0.25009928,0.402446533,0.554793787,,,,0.23,0,0.001417854,0.003460548,,,
0.24,0.29195747,0.441155888,0.590354306,,,,0.24,0,0.001848839,0.00434727,,,
0.25,0.334614262,0.479376482,0.624138702,,,,0.25,0,0.002369855,0.005381757,,,
0.26,0.377465653,0.516749744,0.656033835,,,,0.26,0,0.002990266,0.006573393,,,
0.27,0.419953335,0.552967429,0.685981523,,,,0.27,0,0.003718888,0.007930147,,,
0.28,0.461582032,0.587775576,0.713969119,,,,0.28,0,0.004563839,0.009458467,,,
0.29,0.501930774,0.620975343,0.740019912,,,,0.29,0,0.005532437,0.011163223,,,
0.3,0.540658423,0.652421262,0.764184102,,,,0.3,0.000214524,0.006631123,0.013047721,,,
0.31,0.577504186,0.682017508,0.78653083,,,,0.31,0.000617117,0.007865439,0.01511376,,,
0.32,0.612284085,0.709712815,0.807141544,,,,0.32,0.001118316,0.009240029,0.017361741,,,
0.33,0.644884424,0.73549459,0.826104756,,,,0.33,0.001726533,0.010758669,0.019790805,,,
0.34,0.675253293,0.759382718,0.843512142,,,,0.34,0.002449646,0.012424322,0.022398997,,,
0.35,0.703391006,0.781423411,0.859455816,,,,0.35,0.003294953,0.014239195,0.025183436,,,
0.36,0.729340253,0.801683411,0.87402657,,,,0.36,0.004269142,0.016204814,0.028140487,,,
0.37,0.753176556,0.820244701,0.887312847,,,,0.37,0.005378274,0.0183221,0.031265925,,,
0.38,0.77499947,0.837199852,0.899400235,,,,0.38,0.006627776,0.020591432,0.034555088,,,
0.39,0.794924801,0.852648041,0.91037128,,,,0.39,0.008022443,0.023012722,0.038003001,,,
0.4,0.813077996,0.866691733,0.920305471,,,,0.4,0.009566449,0.025585474,0.041604498,,,
0.41,0.829588738,0.879434009,0.92927928,,,,0.41,0.011263362,0.028308835,0.045354308,,,
0.42,0.844586717,0.890976452,0.937366187,,,,0.42,0.013116165,0.031181647,0.049247128,,,
0.43,0.858198454,0.901417558,0.944636662,,,,0.43,0.015127277,0.034202482,0.053277688,,,
0.44,0.870545068,0.910851576,0.951158084,,,,0.44,0.01729858,0.037369681,0.057440782,,,
0.45,0.881740801,0.919367715,0.956994628,,,,0.45,0.019631441,0.040681375,0.061731309,,,
0.46,0.891892171,0.927049649,0.962207127,,,,0.46,0.022126741,0.044135512,0.066144284,,,
0.47,0.901097598,0.933975269,0.966852939,,,,0.47,0.024784896,0.047729876,0.070674855,,,
0.48,0.909447376,0.940216608,0.970985839,,,,0.48,0.027605885,0.051462096,0.075318307,,,
0.49,0.917023892,0.945839923,0.974655953,,,,0.49,0.030589272,0.055329668,0.080070063,,,
0.5,0.923902004,0.95090587,0.977909735,,,,0.5,0.033734224,0.059329955,0.084925687,,,
0.51,0.930149511,0.955469756,0.980790001,,,,0.51,0.037039538,0.063460206,0.089880874,,,
0.52,0.935827677,0.959581842,0.983336006,,,,0.52,0.04050366,0.067717555,0.094931451,,,
0.53,0.940991769,0.963287666,0.985583562,,,,0.53,0.044124702,0.072099036,0.10007337,,,
0.54,0.945691581,0.96662839,0.987565199,,,,0.54,0.04790046,0.076601582,0.105302704,,,
0.55,0.949971946,0.969641142,0.989310338,,,,0.55,0.051828436,0.08122204,0.110615643,,,
0.56,0.953873208,0.972359351,0.990845495,,,,0.56,0.055905855,0.08595717,0.116008486,,,
0.57,0.957431666,0.974813077,0.992194489,,,,0.57,0.060129676,0.09080366,0.121477644,,,
0.58,0.960679977,0.977029313,0.993378648,,,,0.58,0.064496617,0.095758123,0.12701963,,,
0.59,0.963647528,0.979032278,0.994417027,,,,0.59,0.069003164,0.100817113,0.132631063,,,
0.6,0.966360764,0.980843685,0.995326607,,,,0.6,0.073645593,0.105977127,0.13830866,,,
0.61,0.968843494,0.982482993,0.996122492,,,,0.61,0.078419982,0.11123461,0.144049238,,,
0.62,0.97111716,0.983967626,0.996818091,,,,0.62,0.083322227,0.116585971,0.149849714,,,
0.63,0.973201083,0.98531319,0.997425296,,,,0.63,0.088348059,0.12202758,0.1557071,,,
0.64,0.975112677,0.986533655,0.997954634,,,,0.64,0.093493057,0.127555781,0.161618505,,,
0.65,0.976867647,0.987641532,0.998415416,,,,0.65,0.098752665,0.1331669,0.167581134,,,
0.66,0.978480166,0.988648019,0.998815872,,,,0.66,0.104122205,0.138857245,0.173592286,,,
0.67,0.979963029,0.989563149,0.999163268,,,,0.67,0.109596892,0.144623123,0.179649354,,,
0.68,0.981327795,0.990395904,0.999464014,,,,0.68,0.115171849,0.150460838,0.185749826,,,
0.69,0.98258491,0.991154338,0.999723767,,,,0.69,0.120842119,0.1563667,0.191891281,,,
0.7,0.983743826,0.991845668,0.99994751,,,,0.7,0.126602681,0.162337036,0.19807139,,,
0.71,0.984813094,0.992476365,1,,,,0.71,0.132448461,0.168368187,0.204287914,,,
0.72,0.985800458,0.993052238,1,,,,0.72,0.138374349,0.174456524,0.210538699,,,
0.73,0.986712938,0.993578501,1,,,,0.73,0.144375206,0.180598443,0.216821681,,,
0.74,0.987556895,0.994059836,1,,,,0.74,0.150445882,0.186790379,0.223134876,,,
0.75,0.988338107,0.994500454,1,,,,0.75,0.156581228,0.193028805,0.229476383,,,
0.76,0.989061815,0.994904139,1,,,,0.76,0.162776103,0.199310239,0.235844375,,,
0.77,0.989732784,0.9952743,1,,,,0.77,0.169025393,0.205631247,0.242237101,,,
0.78,0.990355346,0.995614003,1,,,,0.78,0.175324016,0.211988448,0.248652879,,,
0.79,0.990933444,0.995926016,1,,,,0.79,0.181666941,0.218378516,0.255090092,,,
0.8,0.991470667,0.996212831,1,,,,0.8,0.18804919,0.224798186,0.261547182,,,
0.81,0.991970285,0.996476699,1,,,,0.81,0.194465858,0.231244253,0.268022648,,,
0.82,0.992435282,0.996719653,1,,,,0.82,0.200912117,0.237713577,0.274515038,,,
0.83,0.992868379,0.996943531,1,,,,0.83,0.20738323,0.244203086,0.281022942,,,
0.84,0.993272061,0.997149994,1,,,,0.84,0.21387456,0.250709774,0.287544989,,,
0.85,0.9936486,0.997340548,1,,,,0.85,0.220381579,0.25723071,0.29407984,,,
0.86,0.994000074,0.997516554,1,,,,0.86,0.226899881,0.26376303,0.300626179,,,
0.87,0.994328384,0.997679249,1,,,,0.87,0.233425184,0.270303948,0.307182711,,,
0.88,0.994635272,0.997829754,1,,,,0.88,0.239953346,0.276850749,0.313748151,,,
0.89,0.994922332,0.997969086,1,,,,0.89,0.246480367,0.283400794,0.320321222,,,
0.9,0.99519103,0.998098172,1,,,,0.9,0.253002401,0.289951523,0.326900644,,,
0.91,0.995442709,0.998217852,1,,,,0.91,0.259515759,0.296500446,0.333485133,,,
0.92,0.995678603,0.998328891,1,,,,0.92,0.266016917,0.303045156,0.340073395,,,
0.93,0.995899846,0.998431989,1,,,,0.93,0.272502516,0.309583317,0.346664118,,,
0.94,0.996107484,0.998527779,1,,,,0.94,0.278969376,0.316112673,0.353255969,,,
0.95,0.996302475,0.998616841,1,,,,0.95,0.285414489,0.322631042,0.359847595,,,
0.96,0.996485706,0.998699706,1,,,,0.96,0.291835025,0.329136318,0.366437611,,,
0.97,0.996657991,0.998776856,1,,,,0.97,0.298228333,0.335626471,0.373024608,,,
0.98,0.996820084,0.998848734,1,,,,0.98,0.304591944,0.342099545,0.379607146,,,
0.99,0.996972678,0.998915744,1,,,,0.99,0.310923563,0.348553657,0.386183752,,,
1,0.997116416,0.998978256,1,,,,1,0.317221072,0.354986999,0.392752925,,,
1.01,0.99725189,0.99903661,1,,,,1.01,0.323482525,0.361397831,0.399313138,,,
1.02,0.99737965,0.999091116,1,,,,1.02,0.329706146,0.367784489,0.405862832,,,
1.03,0.997500202,0.99914206,1,,,,1.03,0.335890322,0.374145374,0.412400427,,,
1.04,0.997614017,0.999189703,1,,,,1.04,0.342033596,0.38047896,0.418924324,,,
1.05,0.99772153,0.999234287,1,,,,1.05,0.348134666,0.386783785,0.425432904,,,
1.06,0.997823146,0.999276034,1,,,,1.06,0.354192372,0.393058454,0.431924536,,,
1.07,0.997919239,0.999315145,1,,,,1.07,0.360205694,0.399301639,0.438397585,,,
1.08,0.998010159,0.99935181,1,,,,1.08,0.366173739,0.405512074,0.444850408,,,
1.09,0.998096227,0.9993862,1,,,,1.09,0.372095738,0.411688553,0.451281368,,,
1.1,0.998177745,0.999418476,1,,,,1.1,0.377971036,0.417829935,0.457688834,,,
1.11,0.998254992,0.999448783,1,,,,1.11,0.383799082,0.423935136,0.46407119,,,
1.12,0.998328229,0.999477258,1,,,,1.12,0.389579425,0.430003129,0.470426834,,,
1.13,0.998397698,0.999504025,1,,,,1.13,0.395311703,0.436032946,0.476754189,,,
1.14,0.998463625,0.9995292,1,,,,1.14,0.400995638,0.442023673,0.483051707,,,
1.15,0.99852622,0.999552891,1,,,,1.15,0.406631026,0.447974448,0.489317869,,,
1.16,0.998585681,0.999575197,1,,,,1.16,0.412217731,0.453884462,0.495551194,,,
1.17,0.998642189,0.999596208,1,,,,1.17,0.417755681,0.459752959,0.501750238,,,
1.18,0.998695918,0.999616011,1,,,,1.18,0.423244856,0.465579229,0.507913601,,,
1.19,0.998747025,0.999634684,1,,,,1.19,0.428685289,0.47136261,0.514039931,,,
1.2,0.998795662,0.999652299,1,,,,1.2,0.434077054,0.477102488,0.520127921,,,
1.21,0.998841968,0.999668926,1,,,,1.21,0.439420269,0.482798293,0.526176317,,,
1.22,0.998886074,0.999684626,1,,,,1.22,0.444715081,0.488449498,0.532183915,,,
1.23,0.998928102,0.999699458,1,,,,1.23,0.449961671,0.494055618,0.538149565,,,
1.24,0.998968168,0.999713478,1,,,,1.24,0.455160247,0.499616211,0.544072174,,,
1.25,0.999006378,0.999726734,1,,,,1.25,0.460311037,0.50513087,0.549950703,,,
1.26,0.999042835,0.999739275,1,,,,1.26,0.465414292,0.510599229,0.555784167,,,
1.27,0.999077632,0.999751144,1,,,,1.27,0.470470279,0.516020959,0.56157164,,,
1.28,0.999110859,0.999762383,1,,,,1.28,0.47547928,0.521395765,0.567312251,,,
1.29,0.999142599,0.999773028,1,,,,1.29,0.480441589,0.526723386,0.573005183,,,
1.3,0.999172931,0.999783117,1,,,,1.3,0.485357511,0.532003594,0.578649677,,,
1.31,0.999201927,0.999792681,1,,,,1.31,0.490227361,0.537236194,0.584245027,,,
1.32,0.999229659,0.999801753,1,,,,1.32,0.49505146,0.542421019,0.589790579,,,
1.33,0.99925619,0.99981036,1,,,,1.33,0.499830133,0.547557934,0.595285735,,,
1.34,0.999281582,0.99981853,1,,,,1.34,0.504563714,0.55264683,0.600729945,,,
1.35,0.999305893,0.999826288,1,,,,1.35,0.509252539,0.557687625,0.606122711,,,
1.36,0.999329178,0.999833658,1,,,,1.36,0.513896944,0.562680264,0.611463584,,,
1.37,0.999351487,0.999840661,1,,,,1.37,0.518497272,0.567624717,0.616752163,,,
1.38,0.99937287,0.99984732,1,,,,1.38,0.523053863,0.572520978,0.621988092,,,
1.39,0.999393372,0.999853652,1,,,,1.39,0.527567062,0.577369061,0.627171059,,,
1.4,0.999413035,0.999859677,1,,,,1.4,0.532037211,0.582169005,0.632300798,,,
1.41,0.999431901,0.99986541,1,,,,1.41,0.536464654,0.586920869,0.637377083,,,
1.42,0.999450009,0.999870869,1,,,,1.42,0.540849734,0.591624731,0.642399727,,,
1.43,0.999467393,0.999876069,1,,,,1.43,0.545192794,0.596280689,0.647368584,,,
1.44,0.99948409,0.999881022,1,,,,1.44,0.549494174,0.600888859,0.652283544,,,
1.45,0.99950013,0.999885744,1,,,,1.45,0.553754216,0.605449375,0.657144533,,,
1.46,0.999515545,0.999890245,1,,,,1.46,0.557973259,0.609962385,0.661951511,,,
1.47,0.999530364,0.999894538,1,,,,1.47,0.562151641,0.614428056,0.66670447,,,
1.48,0.999544615,0.999898634,1,,,,1.48,0.566289699,0.618846567,0.671403435,,,
1.49,0.999558323,0.999902543,1,,,,1.49,0.570387767,0.623218113,0.676048459,,,
1.5,0.999571512,0.999906274,1,,,,1.5,0.57444618,0.627542902,0.680639624,,,
1.51,0.999584207,0.999909838,1,,,,1.51,0.578465268,0.631821154,0.685177041,,,
1.52,0.99959643,0.999913242,1,,,,1.52,0.582445363,0.636053103,0.689660843,,,
1.53,0.999608202,0.999916496,1,,,,1.53,0.586386792,0.640238992,0.694091191,,,
1.54,0.999619541,0.999919605,1,,,,1.54,0.590289883,0.644379076,0.698468268,,,
1.55,0.999630469,0.999922578,1,,,,1.55,0.59415496,0.648473619,0.702792278,,,
1.56,0.999641002,0.999925422,1,,,,1.56,0.597982346,0.652522897,0.707063448,,,
1.57,0.999651157,0.999928143,1,,,,1.57,0.601772364,0.656527193,0.711282022,,,
1.58,0.999660951,0.999930747,1,,,,1.58,0.605525333,0.660486798,0.715448264,,,
1.59,0.999670399,0.99993324,1,,,,1.59,0.60924157,0.664402014,0.719562457,,,
1.6,0.999679516,0.999935627,1,,,,1.6,0.612921392,0.668273145,0.723624898,,,
1.61,0.999688316,0.999937913,1,,,,1.61,0.616565115,0.672100508,0.727635901,,,
1.62,0.999696811,0.999940104,1,,,,1.62,0.62017305,0.675884421,0.731595793,,,
1.63,0.999705015,0.999942203,1,,,,1.63,0.623745508,0.679625213,0.735504917,,,
1.64,0.99971294,0.999944216,1,,,,1.64,0.6272828,0.683323213,0.739363626,,,
1.65,0.999720597,0.999946146,1,,,,1.65,0.630785233,0.68697876,0.743172288,,,
1.66,0.999727997,0.999947997,1,,,,1.66,0.634253113,0.690592196,0.746931279,,,
1.67,0.99973515,0.999949773,1,,,,1.67,0.637686744,0.694163865,0.750640986,,,
1.68,0.999742066,0.999951478,1,,,,1.68,0.64108643,0.697694119,0.754301808,,,
1.69,0.999748755,0.999953114,1,,,,1.69,0.64445247,0.701183309,0.757914148,,,
1.7,0.999755226,0.999954685,1,,,,1.7,0.647785166,0.704631794,0.761478423,,,
1.71,0.999761486,0.999956194,1,,,,1.71,0.651084814,0.708039933,0.764995052,,,
1.72,0.999767546,0.999957643,1,,,,1.72,0.65435171,0.711408087,0.768464464,,,
1.73,0.999773411,0.999959036,1,,,,1.73,0.65758615,0.714736621,0.771887092,,,
1.74,0.99977909,0.999960374,1,,,,1.74,0.660788425,0.718025902,0.775263378,,,
1.75,0.99978459,0.999961661,1,,,,1.75,0.663958828,0.721276296,0.778593764,,,
1.76,0.999789918,0.999962899,1,,,,1.76,0.667097647,0.724488174,0.781878701,,,
1.77,0.99979508,0.999964089,1,,,,1.77,0.67020517,0.727661906,0.785118642,,,
1.78,0.999800082,0.999965234,1,,,,1.78,0.673281684,0.730797864,0.788314043,,,
1.79,0.999804931,0.999966335,1,,,,1.79,0.676327473,0.733896419,0.791465364,,,
1.8,0.999809632,0.999967396,1,,,,1.8,0.67934282,0.736957944,0.794573068,,,
1.81,0.99981419,0.999968417,1,,,,1.81,0.682328006,0.739982812,0.797637618,,,
1.82,0.999818611,0.9999694,1,,,,1.82,0.685283311,0.742971396,0.80065948,,,
1.83,0.9998229,0.999970346,1,,,,1.83,0.688209013,0.745924068,0.803639122,,,
1.84,0.999827061,0.999971258,1,,,,1.84,0.691105387,0.7488412,0.806577013,,,
1.85,0.999831099,0.999972137,1,,,,1.85,0.693972709,0.751723166,0.809473622,,,
1.86,0.999835019,0.999972984,1,,,,1.86,0.696811251,0.754570334,0.812329418,,,
1.87,0.999838824,0.999973801,1,,,,1.87,0.699621284,0.757383077,0.81514487,,,
1.88,0.999842519,0.999974588,1,,,,1.88,0.702403078,0.760161763,0.817920448,,,
1.89,0.999846108,0.999975347,1,,,,1.89,0.705156901,0.762906761,0.82065662,,,
1.9,0.999849594,0.999976079,1,,,,1.9,0.707883018,0.765618436,0.823353855,,,
1.91,0.999852981,0.999976785,1,,,,1.91,0.710581693,0.768297156,0.826012618,,,
1.92,0.999856272,0.999977467,1,,,,1.92,0.713253189,0.770943283,0.828633376,,,
1.93,0.999859471,0.999978125,1,,,,1.93,0.715897768,0.77355718,0.831216592,,,
1.94,0.99986258,0.99997876,1,,,,1.94,0.718515688,0.776139208,0.833762728,,,
1.95,0.999865603,0.999979373,1,,,,1.95,0.721107205,0.778689725,0.836272245,,,
1.96,0.999868542,0.999979965,1,,,,1.96,0.723672577,0.781209089,0.8387456,,,
1.97,0.999871401,0.999980537,1,,,,1.97,0.726212056,0.783697653,0.84118325,,,
1.98,0.999874182,0.99998109,1,,,,1.98,0.728725895,0.786155772,0.843585648,,,
1.99,0.999876887,0.999981624,1,,,,1.99,0.731214344,0.788583794,0.845953245,,,
2,0.99987952,0.99998214,1,,,,2,0.733677652,0.790982069,0.848286487,,,
2.01,0.999882082,0.999982639,1,,,,2.01,0.736116064,0.793350943,0.850585822,,,
2.02,0.999884576,0.999983121,1,,,,2.02,0.738529826,0.795690758,0.85285169,,,
2.03,0.999887004,0.999983587,1,,,,2.03,0.740919181,0.798001856,0.855084531,,,
2.04,0.999889367,0.999984038,1,,,,2.04,0.743284371,0.800284576,0.85728478,,,
2.05,0.999891669,0.999984474,1,,,,2.05,0.745625635,0.802539252,0.859452869,,,
2.06,0.999893911,0.999984896,1,,,,2.06,0.74794321,0.804766219,0.861589228,,,
2.07,0.999896095,0.999985305,1,,,,2.07,0.750237333,0.806965807,0.863694282,,,
2.08,0.999898223,0.9999857,1,,,,2.08,0.752508237,0.809138345,0.865768453,,,
2.09,0.999900296,0.999986083,1,,,,2.09,0.754756155,0.811284156,0.867812158,,,
2.1,0.999902316,0.999986453,1,,,,2.1,0.756981318,0.813403565,0.869825812,,,
2.11,0.999904286,0.999986812,1,,,,2.11,0.759183953,0.815496889,0.871809825,,,
2.12,0.999906205,0.999987159,1,,,,2.12,0.761364289,0.817564447,0.873764605,,,
2.13,0.999908077,0.999987496,1,,,,2.13,0.763522549,0.819606551,0.875690553,,,
2.14,0.999909902,0.999987821,1,,,,2.14,0.765658958,0.821623514,0.877588069,,,
2.15,0.999911681,0.999988137,1,,,,2.15,0.767773736,0.823615642,0.879457548,,,
2.16,0.999913417,0.999988443,1,,,,2.16,0.769867104,0.825583242,0.88129938,,,
2.17,0.99991511,0.99998874,1,,,,2.17,0.771939278,0.827526615,0.883113952,,,
2.18,0.999916762,0.999989028,1,,,,2.18,0.773990476,0.829446061,0.884901646,,,
2.19,0.999918374,0.999989306,1,,,,2.19,0.77602091,0.831341876,0.886662842,,,
2.2,0.999919947,0.999989577,1,,,,2.2,0.778030795,0.833214354,0.888397913,,,
2.21,0.999921482,0.999989839,1,,,,2.21,0.780020339,0.835063784,0.89010723,,,
2.22,0.999922981,0.999990093,1,,,,2.22,0.781989752,0.836890455,0.891791159,,,
2.23,0.999924444,0.99999034,1,,,,2.23,0.783939241,0.838694651,0.893450061,,,
2.24,0.999925872,0.99999058,1,,,,2.24,0.785869011,0.840476653,0.895084295,,,
2.25,0.999927266,0.999990812,1,,,,2.25,0.787779265,0.84223674,0.896694215,,,
2.26,0.999928628,0.999991038,1,,,,2.26,0.789670206,0.843975187,0.898280169,,,
2.27,0.999929959,0.999991256,1,,,,2.27,0.791542032,0.845692268,0.899842503,,,
2.28,0.999931258,0.999991469,1,,,,2.28,0.793394942,0.84738825,0.901381559,,,
2.29,0.999932528,0.999991675,1,,,,2.29,0.795229132,0.849063402,0.902897672,,,
2.3,0.999933768,0.999991876,1,,,,2.3,0.797044796,0.850717987,0.904391177,,,
2.31,0.99993498,0.99999207,1,,,,2.31,0.798842128,0.852352265,0.905862401,,,
2.32,0.999936164,0.999992259,1,,,,2.32,0.800621318,0.853966494,0.90731167,,,
2.33,0.999937322,0.999992443,1,,,,2.33,0.802382556,0.85556093,0.908739304,,,
2.34,0.999938453,0.999992622,1,,,,2.34,0.804126028,0.857135824,0.91014562,,,
2.35,0.99993956,0.999992795,1,,,,2.35,0.805851922,0.858691425,0.911530929,,,
2.36,0.999940641,0.999992964,1,,,,2.36,0.80756042,0.86022798,0.912895541,,,
2.37,0.999941699,0.999993127,1,,,,2.37,0.809251705,0.861745732,0.91423976,,,
2.38,0.999942733,0.999993287,1,,,,2.38,0.810925957,0.863244921,0.915563885,,,
2.39,0.999943744,0.999993442,1,,,,2.39,0.812583357,0.864725786,0.916868215,,,
2.4,0.999944734,0.999993592,1,,,,2.4,0.81422408,0.86618856,0.918153041,,,
2.41,0.999945701,0.999993739,1,,,,2.41,0.815848302,0.867633477,0.919418652,,,
2.42,0.999946648,0.999993881,1,,,,2.42,0.817456197,0.869060765,0.920665332,,,
2.43,0.999947574,0.99999402,1,,,,2.43,0.819047938,0.87047065,0.921893363,,,
2.44,0.999948481,0.999994155,1,,,,2.44,0.820623694,0.871863358,0.923103022,,,
2.45,0.999949368,0.999994286,1,,,,2.45,0.822183634,0.873239108,0.924294582,,,
2.46,0.999950236,0.999994414,1,,,,2.46,0.823727926,0.87459812,0.925468313,,,
2.47,0.999951085,0.999994538,1,,,,2.47,0.825256736,0.875940608,0.926624481,,,
2.48,0.999951917,0.999994659,1,,,,2.48,0.826770226,0.877266787,0.927763347,,,
2.49,0.999952731,0.999994777,1,,,,2.49,0.82826856,0.878576866,0.928885171,,,
2.5,0.999953528,0.999994891,1,,,,2.5,0.829751898,0.879871053,0.929990207,,,
2.51,0.999954309,0.999995003,1,,,,2.51,0.8312204,0.881149554,0.931078708,,,
2.52,0.999955073,0.999995112,1,,,,2.52,0.832674222,0.882412571,0.932150919,,,
2.53,0.999955822,0.999995218,1,,,,2.53,0.834113521,0.883660304,0.933207087,,,
2.54,0.999956555,0.999995321,1,,,,2.54,0.83553845,0.884892951,0.934247452,,,
2.55,0.999957273,0.999995421,1,,,,2.55,0.836949164,0.886110708,0.935272251,,,
2.56,0.999957977,0.999995519,1,,,,2.56,0.838345813,0.887313766,0.936281719,,,
2.57,0.999958666,0.999995615,1,,,,2.57,0.839728547,0.888502316,0.937276086,,,
2.58,0.999959341,0.999995708,1,,,,2.58,0.841097514,0.889676546,0.938255579,,,
2.59,0.999960003,0.999995798,1,,,,2.59,0.84245286,0.890836642,0.939220423,,,
2.6,0.999960651,0.999995887,1,,,,2.6,0.843794732,0.891982785,0.940170838,,,
2.61,0.999961287,0.999995973,1,,,,2.61,0.845123273,0.893115158,0.941107043,,,
2.62,0.99996191,0.999996057,1,,,,2.62,0.846438624,0.894233938,0.942029251,,,
2.63,0.99996252,0.999996138,1,,,,2.63,0.847740927,0.895339301,0.942937675,,,
2.64,0.999963119,0.999996218,1,,,,2.64,0.849030321,0.896431421,0.943832521,,,
2.65,0.999963705,0.999996296,1,,,,2.65,0.850306945,0.897510471,0.944713997,,,
2.66,0.99996428,0.999996372,1,,,,2.66,0.851570933,0.898576618,0.945582302,,,
2.67,0.999964844,0.999996446,1,,,,2.67,0.852822422,0.89963003,0.946437638,,,
2.68,0.999965397,0.999996518,1,,,,2.68,0.854061545,0.900670872,0.9472802,,,
2.69,0.999965939,0.999996589,1,,,,2.69,0.855288434,0.901699308,0.948110182,,,
2.7,0.999966471,0.999996658,1,,,,2.7,0.856503219,0.902715496,0.948927773,,,
2.71,0.999966993,0.999996725,1,,,,2.71,0.857706032,0.903719597,0.949733162,,,
2.72,0.999967505,0.99999679,1,,,,2.72,0.858896999,0.904711766,0.950526533,,,
2.73,0.999968007,0.999996854,1,,,,2.73,0.860076246,0.905692158,0.95130807,,,
2.74,0.999968499,0.999996917,1,,,,2.74,0.861243901,0.906660925,0.95207795,,,
2.75,0.999968982,0.999996978,1,,,,2.75,0.862400086,0.907618218,0.95283635,,,
2.76,0.999969456,0.999997037,1,,,,2.76,0.863544924,0.908564185,0.953583445,,,
2.77,0.999969921,0.999997095,1,,,,2.77,0.864678537,0.909498972,0.954319407,,,
2.78,0.999970377,0.999997152,1,,,,2.78,0.865801045,0.910422724,0.955044403,,,
2.79,0.999970825,0.999997207,1,,,,2.79,0.866912566,0.911335583,0.9557586,,,
2.8,0.999971265,0.999997261,1,,,,2.8,0.868013219,0.912237691,0.956462163,,,
2.81,0.999971696,0.999997314,1,,,,2.81,0.869103119,0.913129185,0.957155251,,,
2.82,0.99997212,0.999997366,1,,,,2.82,0.870182381,0.914010203,0.957838024,,,
2.83,0.999972536,0.999997416,1,,,,2.83,0.87125112,0.91488088,0.958510639,,,
2.84,0.999972944,0.999997465,1,,,,2.84,0.872309448,0.915741349,0.95917325,,,
2.85,0.999973344,0.999997514,1,,,,2.85,0.873357476,0.916591742,0.959826008,,,
2.86,0.999973738,0.999997561,1,,,,2.86,0.874395314,0.917432188,0.960469062,,,
2.87,0.999974124,0.999997607,1,,,,2.87,0.875423072,0.918262816,0.96110256,,,
2.88,0.999974504,0.999997652,1,,,,2.88,0.876440856,0.919083752,0.961726647,,,
2.89,0.999974876,0.999997696,1,,,,2.89,0.877448775,0.91989512,0.962341465,,,
2.9,0.999975242,0.999997739,1,,,,2.9,0.878446932,0.920697044,0.962947155,,,
2.91,0.999975601,0.999997781,1,,,,2.91,0.879435433,0.921489644,0.963543855,,,
2.92,0.999975954,0.999997822,1,,,,2.92,0.880414381,0.922273041,0.964131702,,,
2.93,0.999976301,0.999997862,1,,,,2.93,0.881383877,0.923047353,0.964710829,,,
2.94,0.999976642,0.999997901,1,,,,2.94,0.882344023,0.923812696,0.965281368,,,
2.95,0.999976976,0.999997939,1,,,,2.95,0.883294918,0.924569184,0.96584345,,,
2.96,0.999977305,0.999997977,1,,,,2.96,0.884236661,0.925316932,0.966397203,,,
2.97,0.999977628,0.999998014,1,,,,2.97,0.88516935,0.926056052,0.966942753,,,
2.98,0.999977946,0.99999805,1,,,,2.98,0.886093081,0.926786652,0.967480223,,,
2.99,0.999978258,0.999998085,1,,,,2.99,0.88700795,0.927508844,0.968009737,,,
3,0.999978564,0.999998119,1,,,,3,0.887914051,0.928222733,0.968531414,,,
3.01,0.999978865,0.999998153,1,,,,3.01,0.888811477,0.928928425,0.969045373,,,
3.02,0.999979161,0.999998186,1,,,,3.02,0.889700322,0.929626027,0.969551731,,,
3.03,0.999979453,0.999998218,1,,,,3.03,0.890580675,0.930315639,0.970050603,,,
3.04,0.999979738,0.99999825,1,,,,3.04,0.891452629,0.930997365,0.970542101,,,
3.05,0.99998002,0.99999828,1,,,,3.05,0.892316271,0.931671304,0.971026337,,,
3.06,0.999980296,0.999998311,1,,,,3.06,0.89317169,0.932337555,0.97150342,,,
3.07,0.999980568,0.99999834,1,,,,3.07,0.894018975,0.932996217,0.971973459,,,
3.08,0.999980835,0.999998369,1,,,,3.08,0.89485821,0.933647385,0.97243656,,,
3.09,0.999981098,0.999998398,1,,,,3.09,0.895689482,0.934291155,0.972892828,,,
3.1,0.999981356,0.999998425,1,,,,3.1,0.896512874,0.934927619,0.973342365,,,
3.11,0.99998161,0.999998452,1,,,,3.11,0.897328472,0.935556872,0.973785272,,,
3.12,0.99998186,0.999998479,1,,,,3.12,0.898136356,0.936179004,0.974221651,,,
3.13,0.999982106,0.999998505,1,,,,3.13,0.89893661,0.936794104,0.974651598,,,
3.14,0.999982347,0.999998531,1,,,,3.14,0.899729313,0.937402263,0.975075212,,,
3.15,0.999982585,0.999998556,1,,,,3.15,0.900514546,0.938003566,0.975492586,,,
3.16,0.999982818,0.99999858,1,,,,3.16,0.901292388,0.938598102,0.975903816,,,
3.17,0.999983048,0.999998604,1,,,,3.17,0.902062916,0.939185954,0.976308992,,,
3.18,0.999983275,0.999998628,1,,,,3.18,0.902826209,0.939767208,0.976708207,,,
3.19,0.999983497,0.999998651,1,,,,3.19,0.903582341,0.940341946,0.97710155,,,
3.2,0.999983716,0.999998673,1,,,,3.2,0.90433139,0.940910249,0.977489109,,,
3.21,0.999983931,0.999998696,1,,,,3.21,0.90507343,0.9414722,0.97787097,,,
3.22,0.999984143,0.999998717,1,,,,3.22,0.905808534,0.942027877,0.978247219,,,
3.23,0.999984352,0.999998738,1,,,,3.23,0.906536776,0.942577358,0.978617941,,,
3.24,0.999984557,0.999998759,1,,,,3.24,0.907258228,0.943120722,0.978983217,,,
3.25,0.999984759,0.99999878,1,,,,3.25,0.907972961,0.943658045,0.97934313,,,
3.26,0.999984957,0.9999988,1,,,,3.26,0.908681046,0.944189403,0.97969776,,,
3.27,0.999985153,0.999998819,1,,,,3.27,0.909382552,0.944714869,0.980047186,,,
3.28,0.999985345,0.999998839,1,,,,3.28,0.91007755,0.945234517,0.980391485,,,
3.29,0.999985535,0.999998857,1,,,,3.29,0.910766106,0.945748421,0.980730735,,,
3.3,0.999985721,0.999998876,1,,,,3.3,0.91144829,0.94625665,0.98106501,,,
3.31,0.999985905,0.999998894,1,,,,3.31,0.912124166,0.946759276,0.981394385,,,
3.32,0.999986085,0.999998912,1,,,,3.32,0.912793802,0.947256368,0.981718933,,,
3.33,0.999986263,0.999998929,1,,,,3.33,0.913457263,0.947747994,0.982038726,,,
3.34,0.999986438,0.999998946,1,,,,3.34,0.914114613,0.948234224,0.982353834,,,
3.35,0.999986611,0.999998963,1,,,,3.35,0.914765916,0.948715122,0.982664329,,,
3.36,0.99998678,0.99999898,1,,,,3.36,0.915411235,0.949190756,0.982970277,,,
3.37,0.999986947,0.999998996,1,,,,3.37,0.916050633,0.94966119,0.983271747,,,
3.38,0.999987112,0.999999012,1,,,,3.38,0.916684171,0.950126489,0.983568806,,,
3.39,0.999987274,0.999999027,1,,,,3.39,0.917311911,0.950586715,0.983861519,,,
3.4,0.999987434,0.999999042,1,,,,3.4,0.917933912,0.951041931,0.98414995,,,
3.41,0.999987591,0.999999057,1,,,,3.41,0.918550234,0.951492199,0.984434164,,,
3.42,0.999987746,0.999999072,1,,,,3.42,0.919160937,0.951937579,0.984714221,,,
3.43,0.999987898,0.999999087,1,,,,3.43,0.919766079,0.952378132,0.984990186,,,
3.44,0.999988048,0.999999101,1,,,,3.44,0.920365716,0.952813917,0.985262117,,,
3.45,0.999988196,0.999999115,1,,,,3.45,0.920959907,0.953244991,0.985530074,,,
3.46,0.999988342,0.999999128,1,,,,3.46,0.921548708,0.953671413,0.985794117,,,
3.47,0.999988485,0.999999142,1,,,,3.47,0.922132175,0.954093239,0.986054304,,,
3.48,0.999988626,0.999999155,1,,,,3.48,0.922710362,0.954510526,0.98631069,,,
3.49,0.999988766,0.999999168,1,,,,3.49,0.923283324,0.954923328,0.986563333,,,
3.5,0.999988903,0.99999918,1,,,,3.5,0.923851115,0.955331701,0.986812288,,,
3.51,0.999989038,0.999999193,1,,,,3.51,0.924413789,0.955735699,0.987057609,,,
3.52,0.999989171,0.999999205,1,,,,3.52,0.924971398,0.956135373,0.987299349,,,
3.53,0.999989302,0.999999217,1,,,,3.53,0.925523994,0.956530778,0.987537562,,,
3.54,0.999989431,0.999999229,1,,,,3.54,0.926071629,0.956921964,0.987772299,,,
3.55,0.999989559,0.99999924,1,,,,3.55,0.926614353,0.957308982,0.988003611,,,
3.56,0.999989684,0.999999251,1,,,,3.56,0.927152218,0.957691884,0.98823155,,,
3.57,0.999989807,0.999999263,1,,,,3.57,0.927685273,0.958070718,0.988456164,,,
3.58,0.999989929,0.999999273,1,,,,3.58,0.928213568,0.958445535,0.988677502,,,
3.59,0.99999005,0.999999284,1,,,,3.59,0.92873715,0.958816381,0.988895612,,,
3.6,0.999990168,0.999999295,1,,,,3.6,0.929256068,0.959183305,0.989110543,,,
3.61,0.999990285,0.999999305,1,,,,3.61,0.929770371,0.959546355,0.989322339,,,
3.62,0.9999904,0.999999315,1,,,,3.62,0.930280104,0.959905576,0.989531048,,,
3.63,0.999990513,0.999999325,1,,,,3.63,0.930785315,0.960261015,0.989736714,,,
3.64,0.999990625,0.999999335,1,,,,3.64,0.93128605,0.960612716,0.989939382,,,
3.65,0.999990735,0.999999345,1,,,,3.65,0.931782354,0.960960725,0.990139096,,,
3.66,0.999990843,0.999999354,1,,,,3.66,0.932274273,0.961305086,0.990335899,,,
3.67,0.999990951,0.999999364,1,,,,3.67,0.93276185,0.961645842,0.990529834,,,
3.68,0.999991056,0.999999373,1,,,,3.68,0.93324513,0.961983036,0.990720942,,,
3.69,0.99999116,0.999999382,1,,,,3.69,0.933724157,0.96231671,0.990909264,,,
3.7,0.999991263,0.999999391,1,,,,3.7,0.934198973,0.962646907,0.991094842,,,
3.71,0.999991364,0.999999399,1,,,,3.71,0.934669621,0.962973668,0.991277715,,,
3.72,0.999991464,0.999999408,1,,,,3.72,0.935136144,0.963297033,0.991457922,,,
3.73,0.999991562,0.999999416,1,,,,3.73,0.935598583,0.963617043,0.991635503,,,
3.74,0.999991659,0.999999425,1,,,,3.74,0.936056979,0.963933737,0.991810495,,,
3.75,0.999991755,0.999999433,1,,,,3.75,0.936511373,0.964247155,0.991982937,,,
3.76,0.999991849,0.999999441,1,,,,3.76,0.936961806,0.964557335,0.992152864,,,
3.77,0.999991942,0.999999449,1,,,,3.77,0.937408316,0.964864315,0.992320315,,,
3.78,0.999992033,0.999999456,1,,,,3.78,0.937850944,0.965168134,0.992485323,,,
3.79,0.999992124,0.999999464,1,,,,3.79,0.938289729,0.965468827,0.992647926,,,
3.8,0.999992213,0.999999471,1,,,,3.8,0.938724708,0.965766433,0.992808158,,,
3.81,0.999992301,0.999999479,1,,,,3.81,0.939155921,0.966060987,0.992966052,,,
3.82,0.999992388,0.999999486,1,,,,3.82,0.939583405,0.966352525,0.993121644,,,
3.83,0.999992474,0.999999493,1,,,,3.83,0.940007197,0.966641081,0.993274966,,,
3.84,0.999992558,0.9999995,1,,,,3.84,0.940427334,0.966926692,0.993426051,,,
3.85,0.999992642,0.999999507,1,,,,3.85,0.940843852,0.967209392,0.993574931,,,
3.86,0.999992724,0.999999514,1,,,,3.86,0.941256788,0.967489213,0.993721638,,,
3.87,0.999992805,0.99999952,1,,,,3.87,0.941666178,0.967766191,0.993866204,,,
3.88,0.999992885,0.999999527,1,,,,3.88,0.942072056,0.968040357,0.994008659,,,
3.89,0.999992963,0.999999533,1,,,,3.89,0.942474457,0.968311746,0.994149034,,,
3.9,0.999993042,0.99999954,1,,,,3.9,0.942873416,0.968580387,0.994287358,,,
3.91,0.999993118,0.999999546,1,,,,3.91,0.943268968,0.968846315,0.994423662,,,
3.92,0.999993194,0.999999552,1,,,,3.92,0.943661145,0.969109559,0.994557974,,,
3.93,0.999993269,0.999999558,1,,,,3.93,0.944049981,0.969370152,0.994690322,,,
3.94,0.999993343,0.999999564,1,,,,3.94,0.94443551,0.969628123,0.994820736,,,
3.95,0.999993415,0.99999957,1,,,,3.95,0.944817763,0.969883502,0.994949242,,,
3.96,0.999993487,0.999999575,1,,,,3.96,0.945196773,0.970136321,0.995075868,,,
3.97,0.999993559,0.999999581,1,,,,3.97,0.945572573,0.970386607,0.995200642,,,
3.98,0.999993628,0.999999587,1,,,,3.98,0.945945193,0.970634391,0.995323589,,,
3.99,0.999993697,0.999999592,1,,,,3.99,0.946314666,0.9708797,0.995444735,,,
4,0.999993766,0.999999597,1,,,,4,0.946681021,0.971122564,0.995564107,,,
4.01,0.999993832,0.999999603,1,,,,4.01,0.947044289,0.97136301,0.99568173,,,
4.02,0.999993899,0.999999608,1,,,,4.02,0.947404501,0.971601065,0.995797629,,,
4.03,0.999993965,0.999999613,1,,,,4.03,0.947761687,0.971836757,0.995911828,,,
4.04,0.999994029,0.999999618,1,,,,4.04,0.948115876,0.972070114,0.996024352,,,
4.05,0.999994093,0.999999623,1,,,,4.05,0.948467097,0.97230116,0.996135224,,,
4.06,0.999994156,0.999999628,1,,,,4.06,0.94881538,0.972529924,0.996244468,,,
4.07,0.999994219,0.999999633,1,,,,4.07,0.949160752,0.97275643,0.996352108,,,
4.08,0.99999428,0.999999638,1,,,,4.08,0.949503243,0.972980704,0.996458165,,,
4.09,0.999994341,0.999999642,1,,,,4.09,0.94984288,0.973202772,0.996562664,,,
4.1,0.999994401,0.999999647,1,,,,4.1,0.950179692,0.973422658,0.996665625,,,
4.11,0.99999446,0.999999651,1,,,,4.11,0.950513704,0.973640387,0.99676707,,,
4.12,0.999994518,0.999999656,1,,,,4.12,0.950844946,0.973855984,0.996867022,,,
4.13,0.999994576,0.99999966,1,,,,4.13,0.951173442,0.974069472,0.996965501,,,
4.14,0.999994633,0.999999665,1,,,,4.14,0.951499221,0.974280875,0.997062529,,,
4.15,0.999994689,0.999999669,1,,,,4.15,0.951822307,0.974490216,0.997158125,,,
4.16,0.999994744,0.999999673,1,,,,4.16,0.952142728,0.974697519,0.99725231,,,
4.17,0.999994799,0.999999677,1,,,,4.17,0.952460508,0.974902806,0.997345105,,,
4.18,0.999994853,0.999999681,1,,,,4.18,0.952775674,0.975106101,0.997436528,,,
4.19,0.999994907,0.999999685,1,,,,4.19,0.95308825,0.975307424,0.997526599,,,
4.2,0.999994959,0.999999689,1,,,,4.2,0.953398261,0.975506799,0.997615337,,,
4.21,0.999995012,0.999999693,1,,,,4.21,0.953705732,0.975704247,0.997702762,,,
4.22,0.999995063,0.999999697,1,,,,4.22,0.954010686,0.975899789,0.997788891,,,
4.23,0.999995114,0.999999701,1,,,,4.23,0.95431315,0.976093446,0.997873743,,,
4.24,0.999995164,0.999999704,1,,,,4.24,0.954613145,0.97628524,0.997957336,,,
4.25,0.999995214,0.999999708,1,,,,4.25,0.954910695,0.976475191,0.998039687,,,
4.26,0.999995262,0.999999712,1,,,,4.26,0.955205824,0.97666332,0.998120815,,,
4.27,0.99999531,0.999999715,1,,,,4.27,0.955498556,0.976849646,0.998200736,,,
4.28,0.999995359,0.999999719,1,,,,4.28,0.955788911,0.977034189,0.998279467,,,
4.29,0.999995406,0.999999722,1,,,,4.29,0.956076915,0.97721697,0.998357026,,,
4.3,0.999995453,0.999999725,1,,,,4.3,0.956362587,0.977398008,0.998433428,,,
4.31,0.999995498,0.999999729,1,,,,4.31,0.956645952,0.977577321,0.99850869,,,
4.32,0.999995544,0.999999732,1,,,,4.32,0.95692703,0.977754929,0.998582828,,,
4.33,0.999995589,0.999999735,1,,,,4.33,0.957205843,0.97793085,0.998655857,,,
4.34,0.999995633,0.999999739,1,,,,4.34,0.957482412,0.978105103,0.998727793,,,
4.35,0.999995677,0.999999742,1,,,,4.35,0.957756759,0.978277706,0.998798652,,,
4.36,0.999995721,0.999999745,1,,,,4.36,0.958028905,0.978448677,0.998868449,,,
4.37,0.999995763,0.999999748,1,,,,4.37,0.95829887,0.978618034,0.998937198,,,
4.38,0.999995805,0.999999751,1,,,,4.38,0.958566675,0.978785795,0.999004914,,,
4.39,0.999995847,0.999999754,1,,,,4.39,0.95883234,0.978951976,0.999071612,,,
4.4,0.999995888,0.999999757,1,,,,4.4,0.959095886,0.979116596,0.999137306,,,
4.41,0.99999593,0.99999976,1,,,,4.41,0.959357331,0.97927967,0.999202009,,,
4.42,0.99999597,0.999999763,1,,,,4.42,0.959616696,0.979441216,0.999265736,,,
4.43,0.99999601,0.999999765,1,,,,4.43,0.959874,0.979601251,0.999328501,,,
4.44,0.999996049,0.999999768,1,,,,4.44,0.960129263,0.97975979,0.999390316,,,
4.45,0.999996088,0.999999771,1,,,,4.45,0.960382503,0.979916849,0.999451196,,,
4.46,0.999996126,0.999999774,1,,,,4.46,0.960633739,0.980072446,0.999511152,,,
4.47,0.999996165,0.999999776,1,,,,4.47,0.96088299,0.980226594,0.999570199,,,
4.48,0.999996202,0.999999779,1,,,,4.48,0.961130274,0.980379311,0.999628348,,,
4.49,0.999996239,0.999999782,1,,,,4.49,0.96137561,0.980530611,0.999685612,,,
4.5,0.999996275,0.999999784,1,,,,4.5,0.961619015,0.980680509,0.999742004,,,
4.51,0.999996312,0.999999787,1,,,,4.51,0.961860508,0.980829022,0.999797535,,,
4.52,0.999996348,0.999999789,1,,,,4.52,0.962100106,0.980976162,0.999852218,,,
4.53,0.999996383,0.999999792,1,,,,4.53,0.962337827,0.981121945,0.999906064,,,
4.54,0.999996418,0.999999794,1,,,,4.54,0.962573688,0.981266386,0.999959085,,,
4.55,0.999996452,0.999999796,1,,,,4.55,0.962807705,0.981409499,1,,,
4.56,0.999996487,0.999999799,1,,,,4.56,0.963039897,0.981551297,1,,,
4.57,0.99999652,0.999999801,1,,,,4.57,0.96327028,0.981691796,1,,,
4.58,0.999996553,0.999999803,1,,,,4.58,0.96349887,0.981831008,1,,,
4.59,0.999996586,0.999999806,1,,,,4.59,0.963725683,0.981968947,1,,,
4.6,0.99999662,0.999999808,1,,,,4.6,0.963950737,0.982105627,1,,,
4.61,0.999996652,0.99999981,1,,,,4.61,0.964174047,0.982241061,1,,,
4.62,0.999996684,0.999999812,1,,,,4.62,0.96439563,0.982375262,1,,,
4.63,0.999996716,0.999999814,1,,,,4.63,0.9646155,0.982508244,1,,,
4.64,0.999996746,0.999999816,1,,,,4.64,0.964833673,0.982640018,1,,,
4.65,0.999996777,0.999999818,1,,,,4.65,0.965050166,0.982770598,1,,,
4.66,0.999996807,0.99999982,1,,,,4.66,0.965264993,0.982899997,1,,,
4.67,0.999996837,0.999999822,1,,,,4.67,0.965478169,0.983028226,1,,,
4.68,0.999996867,0.999999824,1,,,,4.68,0.965689709,0.983155297,1,,,
4.69,0.999996896,0.999999826,1,,,,4.69,0.965899629,0.983281224,1,,,
4.7,0.999996925,0.999999828,1,,,,4.7,0.966107942,0.983406018,1,,,
4.71,0.999996954,0.99999983,1,,,,4.71,0.966314663,0.98352969,1,,,
4.72,0.999996982,0.999999832,1,,,,4.72,0.966519807,0.983652253,1,,,
4.73,0.999997011,0.999999834,1,,,,4.73,0.966723388,0.983773717,1,,,
4.74,0.999997039,0.999999836,1,,,,4.74,0.96692542,0.983894095,1,,,
4.75,0.999997066,0.999999838,1,,,,4.75,0.967125917,0.984013398,1,,,
4.76,0.999997094,0.999999839,1,,,,4.76,0.967324893,0.984131636,1,,,
4.77,0.99999712,0.999999841,1,,,,4.77,0.96752236,0.984248821,1,,,
4.78,0.999997148,0.999999843,1,,,,4.78,0.967718334,0.984364964,1,,,
4.79,0.999997174,0.999999845,1,,,,4.79,0.967912826,0.984480075,1,,,
4.8,0.9999972,0.999999846,1,,,,4.8,0.968105851,0.984594165,1,,,
4.81,0.999997225,0.999999848,1,,,,4.81,0.968297422,0.984707244,1,,,
4.82,0.999997251,0.99999985,1,,,,4.82,0.96848755,0.984819323,1,,,
4.83,0.999997276,0.999999851,1,,,,4.83,0.968676251,0.984930413,1,,,
4.84,0.999997301,0.999999853,1,,,,4.84,0.968863535,0.985040523,1,,,
4.85,0.999997326,0.999999855,1,,,,4.85,0.969049415,0.985149663,1,,,
4.86,0.99999735,0.999999856,1,,,,4.86,0.969233905,0.985257843,1,,,
4.87,0.999997374,0.999999858,1,,,,4.87,0.969417016,0.985365073,1,,,
4.88,0.999997398,0.999999859,1,,,,4.88,0.96959876,0.985471363,1,,,
4.89,0.999997421,0.999999861,1,,,,4.89,0.96977915,0.985576722,1,,,
4.9,0.999997445,0.999999862,1,,,,4.9,0.969958198,0.98568116,1,,,
4.91,0.999997468,0.999999864,1,,,,4.91,0.970135915,0.985784686,1,,,
4.92,0.999997491,0.999999865,1,,,,4.92,0.970312313,0.98588731,1,,,
4.93,0.999997513,0.999999867,1,,,,4.93,0.970487403,0.98598904,1,,,
4.94,0.999997536,0.999999868,1,,,,4.94,0.970661198,0.986089885,1,,,
4.95,0.999997558,0.999999869,1,,,,4.95,0.970833709,0.986189855,1,,,
4.96,0.99999758,0.999999871,1,,,,4.96,0.971004946,0.986288958,1,,,
4.97,0.999997601,0.999999872,1,,,,4.97,0.971174921,0.986387203,1,,,
4.98,0.999997623,0.999999873,1,,,,4.98,0.971343645,0.986484598,1,,,
4.99,0.999997644,0.999999875,1,,,,4.99,0.971511129,0.986581153,1,,,
5,0.999997664,0.999999876,1,,,,5,0.971677384,0.986676875,1,,,
5.01,0.999997685,0.999999877,1,,,,5.01,0.971842419,0.986771774,1,,,
5.02,0.999997706,0.999999879,1,,,,5.02,0.972006247,0.986865856,1,,,
5.03,0.999997726,0.99999988,1,,,,5.03,0.972168878,0.986959131,1,,,
5.04,0.999997745,0.999999881,1,,,,5.04,0.972330321,0.987051606,1,,,
5.05,0.999997766,0.999999882,1,,,,5.05,0.972490588,0.98714329,1,,,
5.06,0.999997787,0.999999884,1,,,,5.06,0.972649687,0.987234189,1,,,
5.07,0.999997806,0.999999885,1,,,,5.07,0.972807631,0.987324313,1,,,
5.08,0.999997825,0.999999886,1,,,,5.08,0.972964427,0.987413668,1,,,
5.09,0.999997843,0.999999887,1,,,,5.09,0.973120087,0.987502263,1,,,
5.1,0.999997863,0.999999888,1,,,,5.1,0.97327462,0.987590105,1,,,
5.11,0.999997881,0.99999989,1,,,,5.11,0.973428036,0.987677201,1,,,
5.12,0.999997899,0.999999891,1,,,,5.12,0.973580344,0.987763559,1,,,
5.13,0.999997917,0.999999892,1,,,,5.13,0.973731554,0.987849185,1,,,
5.14,0.999997936,0.999999893,1,,,,5.14,0.973881675,0.987934088,1,,,
5.15,0.999997954,0.999999894,1,,,,5.15,0.974030717,0.988018274,1,,,
5.16,0.999997972,0.999999895,1,,,,5.16,0.974178688,0.98810175,1,,,
5.17,0.999997989,0.999999896,1,,,,5.17,0.974325599,0.988184524,1,,,
5.18,0.999998007,0.999999897,1,,,,5.18,0.974471458,0.988266602,1,,,
5.19,0.999998024,0.999999898,1,,,,5.19,0.974616273,0.988347991,1,,,
5.2,0.999998041,0.999999899,1,,,,5.2,0.974760054,0.988428697,1,,,
5.21,0.999998058,0.9999999,1,,,,5.21,0.97490281,0.988508728,1,,,
5.22,0.999998073,0.999999901,1,,,,5.22,0.97504455,0.98858809,1,,,
5.23,0.999998091,0.999999902,1,,,,5.23,0.975185281,0.988666789,1,,,
5.24,0.999998107,0.999999903,1,,,,5.24,0.975325012,0.988744832,1,,,
5.25,0.999998123,0.999999904,1,,,,5.25,0.975463753,0.988822226,1,,,
5.26,0.999998138,0.999999905,1,,,,5.26,0.975601511,0.988898976,1,,,
5.27,0.999998154,0.999999906,1,,,,5.27,0.975738294,0.988975089,1,,,
5.28,0.99999817,0.999999907,1,,,,5.28,0.975874111,0.98905057,1,,,
5.29,0.999998186,0.999999908,1,,,,5.29,0.97600897,0.989125427,1,,,
5.3,0.999998201,0.999999909,1,,,,5.3,0.976142879,0.989199665,1,,,
5.31,0.999998216,0.99999991,1,,,,5.31,0.976275846,0.98927329,1,,,
5.32,0.999998231,0.999999911,1,,,,5.32,0.976407878,0.989346308,1,,,
5.33,0.999998246,0.999999912,1,,,,5.33,0.976538985,0.989418725,1,,,
5.34,0.999998261,0.999999912,1,,,,5.34,0.976669172,0.989490546,1,,,
5.35,0.999998275,0.999999913,1,,,,5.35,0.976798449,0.989561777,1,,,
5.36,0.99999829,0.999999914,1,,,,5.36,0.976926822,0.989632425,1,,,
5.37,0.999998305,0.999999915,1,,,,5.37,0.9770543,0.989702494,1,,,
5.38,0.999998317,0.999999916,1,,,,5.38,0.977180889,0.989771989,1,,,
5.39,0.999998333,0.999999917,1,,,,5.39,0.977306597,0.989840918,1,,,
5.4,0.999998345,0.999999917,1,,,,5.4,0.977431431,0.989909284,1,,,
5.41,0.99999836,0.999999918,1,,,,5.41,0.977555399,0.989977093,1,,,
5.42,0.999998374,0.999999919,1,,,,5.42,0.977678508,0.990044351,1,,,
5.43,0.999998388,0.99999992,1,,,,5.43,0.977800764,0.990111063,1,,,
5.44,0.999998401,0.999999921,1,,,,5.44,0.977922176,0.990177233,1,,,
5.45,0.999998413,0.999999921,1,,,,5.45,0.978042749,0.990242867,1,,,
5.46,0.999998426,0.999999922,1,,,,5.46,0.97816249,0.990307971,1,,,
5.47,0.999998439,0.999999923,1,,,,5.47,0.978281408,0.990372549,1,,,
5.48,0.999998453,0.999999924,1,,,,5.48,0.978399508,0.990436605,1,,,
5.49,0.999998466,0.999999924,1,,,,5.49,0.978516796,0.990500146,1,,,
5.5,0.999998478,0.999999925,1,,,,5.5,0.978633281,0.990563175,1,,,
5.51,0.99999849,0.999999926,1,,,,5.51,0.978748967,0.990625698,1,,,
5.52,0.999998501,0.999999926,1,,,,5.52,0.978863863,0.99068772,1,,,
5.53,0.999998514,0.999999927,1,,,,5.53,0.978977974,0.990749244,1,,,
5.54,0.999998527,0.999999928,1,,,,5.54,0.979091306,0.990810276,1,,,
5.55,0.999998539,0.999999929,1,,,,5.55,0.979203867,0.99087082,1,,,
5.56,0.999998551,0.999999929,1,,,,5.56,0.979315661,0.990930882,1,,,
5.57,0.999998562,0.99999993,1,,,,5.57,0.979426697,0.990990464,1,,,
5.58,0.999998574,0.999999931,1,,,,5.58,0.979536979,0.991049572,1,,,
5.59,0.999998585,0.999999931,1,,,,5.59,0.979646513,0.991108211,1,,,
5.6,0.999998597,0.999999932,1,,,,5.6,0.979755307,0.991166384,1,,,
5.61,0.999998607,0.999999932,1,,,,5.61,0.979863365,0.991224096,1,,,
5.62,0.999998619,0.999999933,1,,,,5.62,0.979970694,0.991281351,1,,,
5.63,0.999998631,0.999999934,1,,,,5.63,0.9800773,0.991338153,1,,,
5.64,0.999998642,0.999999934,1,,,,5.64,0.980183188,0.991394507,1,,,
5.65,0.999998654,0.999999935,1,,,,5.65,0.980288365,0.991450417,1,,,
5.66,0.999998663,0.999999936,1,,,,5.66,0.980392835,0.991505886,1,,,
5.67,0.999998674,0.999999936,1,,,,5.67,0.980496605,0.991560919,1,,,
5.68,0.999998685,0.999999937,1,,,,5.68,0.98059968,0.99161552,1,,,
5.69,0.999998695,0.999999937,1,,,,5.69,0.980702066,0.991669693,1,,,
5.7,0.999998704,0.999999938,1,,,,5.7,0.980803769,0.991723441,1,,,
5.71,0.999998715,0.999999938,1,,,,5.71,0.980904793,0.991776769,1,,,
5.72,0.999998726,0.999999939,1,,,,5.72,0.981005144,0.99182968,1,,,
5.73,0.999998736,0.99999994,1,,,,5.73,0.981104828,0.991882179,1,,,
5.74,0.999998746,0.99999994,1,,,,5.74,0.98120385,0.991934269,1,,,
5.75,0.999998756,0.999999941,1,,,,5.75,0.981302215,0.991985953,1,,,
5.76,0.999998765,0.999999941,1,,,,5.76,0.981399928,0.992037236,1,,,
5.77,0.999998773,0.999999942,1,,,,5.77,0.981496995,0.99208812,1,,,
5.78,0.999998784,0.999999942,1,,,,5.78,0.98159342,0.992138611,1,,,
5.79,0.999998795,0.999999943,1,,,,5.79,0.981689209,0.99218871,1,,,
5.8,0.999998803,0.999999943,1,,,,5.8,0.981784367,0.992238423,1,,,
5.81,0.999998814,0.999999944,1,,,,5.81,0.981878899,0.992287751,1,,,
5.82,0.999998823,0.999999944,1,,,,5.82,0.981972809,0.9923367,1,,,
5.83,0.999998834,0.999999945,1,,,,5.83,0.982066103,0.992385271,1,,,
5.84,0.999998841,0.999999945,1,,,,5.84,0.982158785,0.992433469,1,,,
5.85,0.99999885,0.999999946,1,,,,5.85,0.98225086,0.992481297,1,,,
5.86,0.999998858,0.999999946,1,,,,5.86,0.982342333,0.992528758,1,,,
5.87,0.999998867,0.999999947,1,,,,5.87,0.982433209,0.992575856,1,,,
5.88,0.999998876,0.999999947,1,,,,5.88,0.982523492,0.992622593,1,,,
5.89,0.999998884,0.999999948,1,,,,5.89,0.982613188,0.992668974,1,,,
5.9,0.999998893,0.999999948,1,,,,5.9,0.982702299,0.992715,1,,,
5.91,0.999998901,0.999999949,1,,,,5.91,0.982790832,0.992760676,1,,,
5.92,0.99999891,0.999999949,1,,,,5.92,0.982878791,0.992806004,1,,,
5.93,0.999998919,0.99999995,1,,,,5.93,0.982966179,0.992850988,1,,,
5.94,0.999998926,0.99999995,1,,,,5.94,0.983053002,0.992895631,1,,,
5.95,0.999998936,0.99999995,1,,,,5.95,0.983139264,0.992939935,1,,,
5.96,0.999998944,0.999999951,1,,,,5.96,0.98322497,0.992983904,1,,,
5.97,0.999998952,0.999999951,1,,,,5.97,0.983310123,0.99302754,1,,,
5.98,0.99999896,0.999999952,1,,,,5.98,0.983394727,0.993070847,1,,,
5.99,0.999998966,0.999999952,1,,,,5.99,0.983478788,0.993113827,1,,,
6,0.999998974,0.999999953,1,,,,6,0.983562309,0.993156484,1,,,
6.01,0.999998984,0.999999953,1,,,,6.01,0.983645294,0.99319882,1,,,
6.02,0.999998993,0.999999953,1,,,,6.02,0.983727748,0.993240838,1,,,
6.03,0.999999,0.999999954,1,,,,6.03,0.983809675,0.993282541,1,,,
6.04,0.999999005,0.999999954,1,,,,6.04,0.983891078,0.993323931,1,,,
6.05,0.999999015,0.999999955,1,,,,6.05,0.983971962,0.993365011,1,,,
6.06,0.999999021,0.999999955,1,,,,6.06,0.98405233,0.993405785,1,,,
6.07,0.999999028,0.999999955,1,,,,6.07,0.984132187,0.993446254,1,,,
6.08,0.999999034,0.999999956,1,,,,6.08,0.984211537,0.993486422,1,,,
6.09,0.999999043,0.999999956,1,,,,6.09,0.984290383,0.993526291,1,,,
6.1,0.99999905,0.999999957,1,,,,6.1,0.984368729,0.993565863,1,,,
6.11,0.999999058,0.999999957,1,,,,6.11,0.984446579,0.993605142,1,,,
6.12,0.999999066,0.999999957,1,,,,6.12,0.984523937,0.993644129,1,,,
6.13,0.999999071,0.999999958,1,,,,6.13,0.984600807,0.993682828,1,,,
6.14,0.999999077,0.999999958,1,,,,6.14,0.984677191,0.99372124,1,,,
6.15,0.999999085,0.999999958,1,,,,6.15,0.984753095,0.993759369,1,,,
6.16,0.999999091,0.999999959,1,,,,6.16,0.984828521,0.993797216,1,,,
6.17,0.999999097,0.999999959,1,,,,6.17,0.984903473,0.993834784,1,,,
6.18,0.999999104,0.999999959,1,,,,6.18,0.984977955,0.993872076,1,,,
6.19,0.999999109,0.99999996,1,,,,6.19,0.98505197,0.993909094,1,,,
6.2,0.999999117,0.99999996,1,,,,6.2,0.985125522,0.99394584,1,,,
6.21,0.999999124,0.999999961,1,,,,6.21,0.985198615,0.993982317,1,,,
6.22,0.99999913,0.999999961,1,,,,6.22,0.985271251,0.994018527,1,,,
6.23,0.999999138,0.999999961,1,,,,6.23,0.985343434,0.994054472,1,,,
6.24,0.999999143,0.999999962,1,,,,6.24,0.985415168,0.994090154,1,,,
6.25,0.999999149,0.999999962,1,,,,6.25,0.985486455,0.994125577,1,,,
6.26,0.999999157,0.999999962,1,,,,6.26,0.9855573,0.994160741,1,,,
6.27,0.999999162,0.999999962,1,,,,6.27,0.985627705,0.994195649,1,,,
6.28,0.999999169,0.999999963,1,,,,6.28,0.985697674,0.994230304,1,,,
6.29,0.999999175,0.999999963,1,,,,6.29,0.985767211,0.994264707,1,,,
6.3,0.999999181,0.999999963,1,,,,6.3,0.985836317,0.994298861,1,,,
6.31,0.999999187,0.999999964,1,,,,6.31,0.985904997,0.994332767,1,,,
6.32,0.999999194,0.999999964,1,,,,6.32,0.985973254,0.994366429,1,,,
6.33,0.999999199,0.999999964,1,,,,6.33,0.98604109,0.994399847,1,,,
6.34,0.999999204,0.999999965,1,,,,6.34,0.986108509,0.994433024,1,,,
6.35,0.999999211,0.999999965,1,,,,6.35,0.986175515,0.994465963,1,,,
6.36,0.999999216,0.999999965,1,,,,6.36,0.986242109,0.994498664,1,,,
6.37,0.999999221,0.999999965,1,,,,6.37,0.986308295,0.994531131,1,,,
6.38,0.999999228,0.999999966,1,,,,6.38,0.986374077,0.994563364,1,,,
6.39,0.999999234,0.999999966,1,,,,6.39,0.986439456,0.994595367,1,,,
6.4,0.999999237,0.999999966,1,,,,6.4,0.986504437,0.99462714,1,,,
6.41,0.999999242,0.999999967,1,,,,6.41,0.986569021,0.994658687,1,,,
6.42,0.999999249,0.999999967,1,,,,6.42,0.986633212,0.994690008,1,,,
6.43,0.999999253,0.999999967,1,,,,6.43,0.986697014,0.994721105,1,,,
6.44,0.999999259,0.999999967,1,,,,6.44,0.986760427,0.994751981,1,,,
6.45,0.999999265,0.999999968,1,,,,6.45,0.986823456,0.994782638,1,,,
6.46,0.999999271,0.999999968,1,,,,6.46,0.986886103,0.994813077,1,,,
6.47,0.999999278,0.999999968,1,,,,6.47,0.986948372,0.994843299,1,,,
6.48,0.999999281,0.999999968,1,,,,6.48,0.987010264,0.994873308,1,,,
6.49,0.999999288,0.999999969,1,,,,6.49,0.987071782,0.994903104,1,,,
6.5,0.999999293,0.999999969,1,,,,6.5,0.98713293,0.99493269,1,,,
6.51,0.999999296,0.999999969,1,,,,6.51,0.98719371,0.994962066,1,,,
6.52,0.999999303,0.999999969,1,,,,6.52,0.987254124,0.994991235,1,,,
6.53,0.999999306,0.99999997,1,,,,6.53,0.987314175,0.995020199,1,,,
6.54,0.999999312,0.99999997,1,,,,6.54,0.987373867,0.995048959,1,,,
6.55,0.999999318,0.99999997,1,,,,6.55,0.9874332,0.995077517,1,,,
6.56,0.999999322,0.99999997,1,,,,6.56,0.987492179,0.995105875,1,,,
6.57,0.999999326,0.999999971,1,,,,6.57,0.987550805,0.995134034,1,,,
6.58,0.999999331,0.999999971,1,,,,6.58,0.987609082,0.995161996,1,,,
6.59,0.999999337,0.999999971,1,,,,6.59,0.987667011,0.995189762,1,,,
6.6,0.999999339,0.999999971,1,,,,6.6,0.987724595,0.995217334,1,,,
6.61,0.999999344,0.999999972,1,,,,6.61,0.987781837,0.995244714,1,,,
6.62,0.999999348,0.999999972,1,,,,6.62,0.987838739,0.995271903,1,,,
6.63,0.999999355,0.999999972,1,,,,6.63,0.987895304,0.995298903,1,,,
6.64,0.999999357,0.999999972,1,,,,6.64,0.987951533,0.995325716,1,,,
6.65,0.999999363,0.999999973,1,,,,6.65,0.98800743,0.995352342,1,,,
6.66,0.999999367,0.999999973,1,,,,6.66,0.988062996,0.995378784,1,,,
6.67,0.99999937,0.999999973,1,,,,6.67,0.988118235,0.995405042,1,,,
6.68,0.999999374,0.999999973,1,,,,6.68,0.988173147,0.995431119,1,,,
6.69,0.999999383,0.999999973,1,,,,6.69,0.988227737,0.995457016,1,,,
6.7,0.999999382,0.999999974,1,,,,6.7,0.988282005,0.995482734,1,,,
6.71,0.99999939,0.999999974,1,,,,6.71,0.988335955,0.995508275,1,,,
6.72,0.999999394,0.999999974,1,,,,6.72,0.988389588,0.99553364,1,,,
6.73,0.999999398,0.999999974,1,,,,6.73,0.988442907,0.995558831,1,,,
6.74,0.999999399,0.999999974,1,,,,6.74,0.988495914,0.995583848,1,,,
6.75,0.999999406,0.999999975,1,,,,6.75,0.988548611,0.995608695,1,,,
6.76,0.999999408,0.999999975,1,,,,6.76,0.988601,0.995633371,1,,,
6.77,0.999999414,0.999999975,1,,,,6.77,0.988653084,0.995657878,1,,,
6.78,0.999999416,0.999999975,1,,,,6.78,0.988704865,0.995682217,1,,,
6.79,0.99999942,0.999999975,1,,,,6.79,0.988756344,0.995706391,1,,,
6.8,0.999999427,0.999999976,1,,,,6.8,0.988807524,0.9957304,1,,,
6.81,0.999999429,0.999999976,1,,,,6.81,0.988858408,0.995754245,1,,,
6.82,0.999999432,0.999999976,1,,,,6.82,0.988908996,0.995777928,1,,,
6.83,0.99999944,0.999999976,1,,,,6.83,0.988959292,0.995801451,1,,,
6.84,0.999999442,0.999999976,1,,,,6.84,0.989009296,0.995824813,1,,,
6.85,0.999999445,0.999999977,1,,,,6.85,0.989059012,0.995848018,1,,,
6.86,0.99999945,0.999999977,1,,,,6.86,0.989108442,0.995871065,1,,,
6.87,0.999999453,0.999999977,1,,,,6.87,0.989157586,0.995893956,1,,,
6.88,0.999999456,0.999999977,1,,,,6.88,0.989206448,0.995916693,1,,,
6.89,0.999999461,0.999999977,1,,,,6.89,0.989255029,0.995939277,1,,,
6.9,0.999999464,0.999999977,1,,,,6.9,0.989303331,0.995961708,1,,,
6.91,0.999999468,0.999999978,1,,,,6.91,0.989351356,0.995983989,1,,,
6.92,0.999999473,0.999999978,1,,,,6.92,0.989399106,0.99600612,1,,,
6.93,0.999999474,0.999999978,1,,,,6.93,0.989446583,0.996028102,1,,,
6.94,0.999999477,0.999999978,1,,,,6.94,0.989493789,0.996049937,1,,,
6.95,0.999999481,0.999999978,1,,,,6.95,0.989540725,0.996071625,1,,,
6.96,0.999999485,0.999999978,1,,,,6.96,0.989587394,0.996093169,1,,,
6.97,0.999999488,0.999999979,1,,,,6.97,0.989633797,0.996114569,1,,,
6.98,0.999999494,0.999999979,1,,,,6.98,0.989679936,0.996135826,1,,,
6.99,0.999999499,0.999999979,1,,,,6.99,0.989725814,0.996156941,1,,,
7,0.9999995,0.999999979,1,,,,7,0.989771431,0.996177915,1,,,
7.01,0.999999503,0.999999979,1,,,,7.01,0.98981679,0.99619875,1,,,
7.02,0.999999502,0.999999979,1,,,,7.02,0.989861892,0.996219447,1,,,
7.03,0.999999507,0.99999998,1,,,,7.03,0.989906739,0.996240007,1,,,
7.04,0.999999513,0.99999998,1,,,,7.04,0.989951333,0.99626043,1,,,
7.05,0.999999515,0.99999998,1,,,,7.05,0.989995675,0.996280718,1,,,
7.06,0.999999519,0.99999998,1,,,,7.06,0.990039768,0.996300872,1,,,
7.07,0.999999523,0.99999998,1,,,,7.07,0.990083613,0.996320893,1,,,
7.08,0.999999525,0.99999998,1,,,,7.08,0.990127211,0.996340781,1,,,
7.09,0.999999527,0.99999998,1,,,,7.09,0.990170565,0.996360539,1,,,
7.1,0.99999953,0.999999981,1,,,,7.1,0.990213675,0.996380167,1,,,
7.11,0.999999534,0.999999981,1,,,,7.11,0.990256544,0.996399666,1,,,
7.12,0.999999537,0.999999981,1,,,,7.12,0.990299174,0.996419036,1,,,
7.13,0.99999954,0.999999981,1,,,,7.13,0.990341565,0.99643828,1,,,
7.14,0.999999542,0.999999981,1,,,,7.14,0.99038372,0.996457398,1,,,
7.15,0.999999549,0.999999981,1,,,,7.15,0.99042564,0.99647639,1,,,
7.16,0.999999548,0.999999981,1,,,,7.16,0.990467327,0.996495259,1,,,
7.17,0.999999553,0.999999982,1,,,,7.17,0.990508782,0.996514004,1,,,
7.18,0.999999554,0.999999982,1,,,,7.18,0.990550007,0.996532627,1,,,
7.19,0.999999557,0.999999982,1,,,,7.19,0.990591003,0.996551129,1,,,
7.2,0.999999562,0.999999982,1,,,,7.2,0.990631772,0.996569511,1,,,
7.21,0.999999562,0.999999982,1,,,,7.21,0.990672315,0.996587773,1,,,
7.22,0.999999566,0.999999982,1,,,,7.22,0.990712634,0.996605917,1,,,
7.23,0.99999957,0.999999982,1,,,,7.23,0.990752731,0.996623943,1,,,
7.24,0.999999571,0.999999982,1,,,,7.24,0.990792606,0.996641852,1,,,
7.25,0.999999575,0.999999983,1,,,,7.25,0.990832262,0.996659645,1,,,
7.26,0.999999579,0.999999983,1,,,,7.26,0.9908717,0.996677324,1,,,
7.27,0.999999582,0.999999983,1,,,,7.27,0.990910921,0.996694888,1,,,
7.28,0.999999583,0.999999983,1,,,,7.28,0.990949927,0.99671234,1,,,
7.29,0.999999584,0.999999983,1,,,,7.29,0.990988719,0.996729679,1,,,
7.3,0.999999589,0.999999983,1,,,,7.3,0.991027298,0.996746906,1,,,
7.31,0.999999592,0.999999983,1,,,,7.31,0.991065667,0.996764023,1,,,
7.32,0.999999595,0.999999983,1,,,,7.32,0.991103826,0.99678103,1,,,
7.33,0.999999598,0.999999984,1,,,,7.33,0.991141776,0.996797928,1,,,
7.34,0.999999599,0.999999984,1,,,,7.34,0.99117952,0.996814717,1,,,
7.35,0.999999603,0.999999984,1,,,,7.35,0.991217058,0.9968314,1,,,
7.36,0.999999603,0.999999984,1,,,,7.36,0.991254392,0.996847976,1,,,
7.37,0.999999605,0.999999984,1,,,,7.37,0.991291524,0.996864446,1,,,
7.38,0.999999614,0.999999984,1,,,,7.38,0.991328453,0.996880811,1,,,
7.39,0.999999609,0.999999984,1,,,,7.39,0.991365183,0.996897072,1,,,
7.4,0.999999613,0.999999984,1,,,,7.4,0.991401714,0.99691323,1,,,
7.41,0.999999617,0.999999985,1,,,,7.41,0.991438047,0.996929285,1,,,
7.42,0.999999616,0.999999985,1,,,,7.42,0.991474184,0.996945238,1,,,
7.43,0.999999624,0.999999985,1,,,,7.43,0.991510126,0.99696109,1,,,
7.44,0.999999623,0.999999985,1,,,,7.44,0.991545875,0.996976842,1,,,
7.45,0.999999627,0.999999985,1,,,,7.45,0.991581431,0.996992494,1,,,
7.46,0.99999963,0.999999985,1,,,,7.46,0.991616796,0.997008048,1,,,
7.47,0.999999629,0.999999985,1,,,,7.47,0.991651971,0.997023503,1,,,
7.48,0.999999635,0.999999985,1,,,,7.48,0.991686957,0.997038861,1,,,
7.49,0.999999635,0.999999985,1,,,,7.49,0.991721756,0.997054122,1,,,
7.5,0.999999637,0.999999985,1,,,,7.5,0.991756369,0.997069287,1,,,
7.51,0.99999964,0.999999986,1,,,,7.51,0.991790796,0.997084358,1,,,
7.52,0.999999639,0.999999986,1,,,,7.52,0.99182504,0.997099333,1,,,
7.53,0.999999643,0.999999986,1,,,,7.53,0.991859101,0.997114215,1,,,
7.54,0.999999648,0.999999986,1,,,,7.54,0.991892981,0.997129003,1,,,
7.55,0.999999649,0.999999986,1,,,,7.55,0.99192668,0.997143699,1,,,
7.56,0.99999965,0.999999986,1,,,,7.56,0.9919602,0.997158304,1,,,
7.57,0.999999649,0.999999986,1,,,,7.57,0.991993543,0.997172817,1,,,
7.58,0.999999658,0.999999986,1,,,,7.58,0.992026708,0.99718724,1,,,
7.59,0.999999656,0.999999986,1,,,,7.59,0.992059698,0.997201573,1,,,
7.6,0.999999661,0.999999986,1,,,,7.6,0.992092513,0.997215817,1,,,
7.61,0.999999659,0.999999987,1,,,,7.61,0.992125155,0.997229972,1,,,
7.62,0.999999664,0.999999987,1,,,,7.62,0.992157624,0.99724404,1,,,
7.63,0.999999667,0.999999987,1,,,,7.63,0.992189922,0.99725802,1,,,
7.64,0.999999666,0.999999987,1,,,,7.64,0.99222205,0.997271914,1,,,
7.65,0.999999669,0.999999987,1,,,,7.65,0.992254009,0.997285722,1,,,
7.66,0.999999673,0.999999987,1,,,,7.66,0.9922858,0.997299445,1,,,
7.67,0.999999675,0.999999987,1,,,,7.67,0.992317424,0.997313083,1,,,
7.68,0.999999677,0.999999987,1,,,,7.68,0.992348882,0.997326637,1,,,
7.69,0.999999677,0.999999987,1,,,,7.69,0.992380176,0.997340108,1,,,
7.7,0.999999682,0.999999987,1,,,,7.7,0.992411305,0.997353496,1,,,
7.71,0.999999683,0.999999987,1,,,,7.71,0.992442272,0.997366802,1,,,
7.72,0.999999685,0.999999988,1,,,,7.72,0.992473078,0.997380025,1,,,
7.73,0.999999687,0.999999988,1,,,,7.73,0.992503722,0.997393168,1,,,
7.74,0.999999691,0.999999988,1,,,,7.74,0.992534207,0.997406231,1,,,
7.75,0.999999689,0.999999988,1,,,,7.75,0.992564534,0.997419213,1,,,
7.76,0.999999698,0.999999988,1,,,,7.76,0.992594703,0.997432117,1,,,
7.77,0.999999696,0.999999988,1,,,,7.77,0.992624715,0.997444941,1,,,
7.78,0.999999695,0.999999988,1,,,,7.78,0.992654571,0.997457688,1,,,
7.79,0.9999997,0.999999988,1,,,,7.79,0.992684273,0.997470356,1,,,
7.8,0.999999703,0.999999988,1,,,,7.8,0.992713821,0.997482948,1,,,
7.81,0.999999704,0.999999988,1,,,,7.81,0.992743217,0.997495463,1,,,
7.82,0.999999704,0.999999988,1,,,,7.82,0.99277246,0.997507902,1,,,
7.83,0.999999702,0.999999988,1,,,,7.83,0.992801553,0.997520266,1,,,
7.84,0.999999706,0.999999989,1,,,,7.84,0.992830496,0.997532555,1,,,
7.85,0.999999708,0.999999989,1,,,,7.85,0.99285929,0.99754477,1,,,
7.86,0.999999713,0.999999989,1,,,,7.86,0.992887936,0.997556911,1,,,
7.87,0.999999712,0.999999989,1,,,,7.87,0.992916435,0.997568978,1,,,
7.88,0.999999714,0.999999989,1,,,,7.88,0.992944788,0.997580973,1,,,
7.89,0.99999972,0.999999989,1,,,,7.89,0.992972995,0.997592896,1,,,
7.9,0.99999972,0.999999989,1,,,,7.9,0.993001058,0.997604746,1,,,
7.91,0.99999972,0.999999989,1,,,,7.91,0.993028978,0.997616526,1,,,
7.92,0.999999722,0.999999989,1,,,,7.92,0.993056755,0.997628235,1,,,
7.93,0.99999972,0.999999989,1,,,,7.93,0.99308439,0.997639873,1,,,
7.94,0.999999731,0.999999989,1,,,,7.94,0.993111885,0.997651442,1,,,
7.95,0.999999727,0.999999989,1,,,,7.95,0.99313924,0.997662942,1,,,
7.96,0.999999729,0.999999989,1,,,,7.96,0.993166455,0.997674373,1,,,
7.97,0.999999728,0.99999999,1,,,,7.97,0.993193532,0.997685736,1,,,
7.98,0.99999973,0.99999999,1,,,,7.98,0.993220472,0.99769703,1,,,
7.99,0.999999734,0.99999999,1,,,,7.99,0.993247276,0.997708258,1,,,
8,0.999999729,0.99999999,1,,,,8,0.993273944,0.997719419,1,,,
8.01,0.999999738,0.99999999,1,,,,8.01,0.993300476,0.997730513,1,,,
8.02,0.999999739,0.99999999,1,,,,8.02,0.993326875,0.997741542,1,,,
8.03,0.999999743,0.99999999,1,,,,8.03,0.993353141,0.997752505,1,,,
8.04,0.999999741,0.99999999,1,,,,8.04,0.993379274,0.997763403,1,,,
8.05,0.999999743,0.99999999,1,,,,8.05,0.993405276,0.997774236,1,,,
8.06,0.999999746,0.99999999,1,,,,8.06,0.993431147,0.997785006,1,,,
8.07,0.999999746,0.99999999,1,,,,8.07,0.993456888,0.997795712,1,,,
8.08,0.999999751,0.99999999,1,,,,8.08,0.9934825,0.997806354,1,,,
8.09,0.999999753,0.99999999,1,,,,8.09,0.993507983,0.997816934,1,,,
8.1,0.999999751,0.99999999,1,,,,8.1,0.993533339,0.997827452,1,,,
8.11,0.999999748,0.99999999,1,,,,8.11,0.993558568,0.997837908,1,,,
8.12,0.99999975,0.999999991,1,,,,8.12,0.993583671,0.997848302,1,,,
8.13,0.999999755,0.999999991,1,,,,8.13,0.993608649,0.997858635,1,,,
8.14,0.999999753,0.999999991,1,,,,8.14,0.993633502,0.997868908,1,,,
8.15,0.999999756,0.999999991,1,,,,8.15,0.993658231,0.99787912,1,,,
8.16,0.999999757,0.999999991,1,,,,8.16,0.993682837,0.997889273,1,,,
8.17,0.999999762,0.999999991,1,,,,8.17,0.993707321,0.997899366,1,,,
8.18,0.999999763,0.999999991,1,,,,8.18,0.993731683,0.997909401,1,,,
8.19,0.999999765,0.999999991,1,,,,8.19,0.993755925,0.997919377,1,,,
8.2,0.999999766,0.999999991,1,,,,8.2,0.993780047,0.997929294,1,,,
8.21,0.999999765,0.999999991,1,,,,8.21,0.993804049,0.997939154,1,,,
8.22,0.999999773,0.999999991,1,,,,8.22,0.993827932,0.997948957,1,,,
8.23,0.999999775,0.999999991,1,,,,8.23,0.993851698,0.997958703,1,,,
8.24,0.999999776,0.999999991,1,,,,8.24,0.993875346,0.997968392,1,,,
8.25,0.999999775,0.999999991,1,,,,8.25,0.993898878,0.997978025,1,,,
8.26,0.999999778,0.999999991,1,,,,8.26,0.993922294,0.997987602,1,,,
8.27,0.999999774,0.999999991,1,,,,8.27,0.993945594,0.997997124,1,,,
8.28,0.999999778,0.999999991,1,,,,8.28,0.993968781,0.99800659,1,,,
8.29,0.999999779,0.999999992,1,,,,8.29,0.993991853,0.998016002,1,,,
8.3,0.999999778,0.999999992,1,,,,8.3,0.994014813,0.99802536,1,,,
8.31,0.999999781,0.999999992,1,,,,8.31,0.99403766,0.998034664,1,,,
8.32,0.999999784,0.999999992,1,,,,8.32,0.994060395,0.998043914,1,,,
8.33,0.999999788,0.999999992,1,,,,8.33,0.994083019,0.998053111,1,,,
8.34,0.99999978,0.999999992,1,,,,8.34,0.994105533,0.998062256,1,,,
8.35,0.999999784,0.999999992,1,,,,8.35,0.994127937,0.998071348,1,,,
8.36,0.999999787,0.999999992,1,,,,8.36,0.994150232,0.998080387,1,,,
8.37,0.999999787,0.999999992,1,,,,8.37,0.994172419,0.998089375,1,,,
8.38,0.999999792,0.999999992,1,,,,8.38,0.994194497,0.998098312,1,,,
8.39,0.99999979,0.999999992,1,,,,8.39,0.994216469,0.998107197,1,,,
8.4,0.999999786,0.999999992,1,,,,8.4,0.994238333,0.998116032,1,,,
8.41,0.999999792,0.999999992,1,,,,8.41,0.994260092,0.998124817,1,,,
8.42,0.999999796,0.999999992,1,,,,8.42,0.994281746,0.998133551,1,,,
8.43,0.999999799,0.999999992,1,,,,8.43,0.994303295,0.998142236,1,,,
8.44,0.999999796,0.999999992,1,,,,8.44,0.99432474,0.998150871,1,,,
8.45,0.999999799,0.999999992,1,,,,8.45,0.994346081,0.998159457,1,,,
8.46,0.999999807,0.999999992,1,,,,8.46,0.99436732,0.998167995,1,,,
8.47,0.999999798,0.999999992,1,,,,8.47,0.994388456,0.998176484,1,,,
8.48,0.999999805,0.999999992,1,,,,8.48,0.99440949,0.998184925,1,,,
8.49,0.999999803,0.999999993,1,,,,8.49,0.994430424,0.998193318,1,,,
8.5,0.999999804,0.999999993,1,,,,8.5,0.994451257,0.998201664,1,,,
8.51,0.999999802,0.999999993,1,,,,8.51,0.99447199,0.998209963,1,,,
8.52,0.999999807,0.999999993,1,,,,8.52,0.994492624,0.998218215,1,,,
8.53,0.999999803,0.999999993,1,,,,8.53,0.994513159,0.998226421,1,,,
8.54,0.9999998,0.999999993,1,,,,8.54,0.994533596,0.99823458,1,,,
8.55,0.999999807,0.999999993,1,,,,8.55,0.994553936,0.998242693,1,,,
8.56,0.999999805,0.999999993,1,,,,8.56,0.994574178,0.998250761,1,,,
8.57,0.999999814,0.999999993,1,,,,8.57,0.994594324,0.998258784,1,,,
8.58,0.999999809,0.999999993,1,,,,8.58,0.994614374,0.998266762,1,,,
8.59,0.999999811,0.999999993,1,,,,8.59,0.994634329,0.998274695,1,,,
8.6,0.999999809,0.999999993,1,,,,8.6,0.994654189,0.998282583,1,,,
8.61,0.999999811,0.999999993,1,,,,8.61,0.994673955,0.998290428,1,,,
8.62,0.999999815,0.999999993,1,,,,8.62,0.994693627,0.998298229,1,,,
8.63,0.999999814,0.999999993,1,,,,8.63,0.994713206,0.998305986,1,,,
8.64,0.99999982,0.999999993,1,,,,8.64,0.994732692,0.9983137,1,,,
8.65,0.99999982,0.999999993,1,,,,8.65,0.994752086,0.998321372,1,,,
8.66,0.999999823,0.999999993,1,,,,8.66,0.994771389,0.998329,1,,,
8.67,0.999999818,0.999999993,1,,,,8.67,0.9947906,0.998336586,1,,,
8.68,0.99999982,0.999999993,1,,,,8.68,0.994809721,0.99834413,1,,,
8.69,0.999999822,0.999999993,1,,,,8.69,0.994828752,0.998351633,1,,,
8.7,0.999999826,0.999999993,1,,,,8.7,0.994847694,0.998359093,1,,,
8.71,0.999999823,0.999999993,1,,,,8.71,0.994866547,0.998366513,1,,,
8.72,0.999999825,0.999999994,1,,,,8.72,0.994885311,0.998373891,1,,,
8.73,0.999999817,0.999999994,1,,,,8.73,0.994903987,0.998381229,1,,,
8.74,0.999999825,0.999999994,1,,,,8.74,0.994922576,0.998388526,1,,,
8.75,0.999999826,0.999999994,1,,,,8.75,0.994941078,0.998395783,1,,,
8.76,0.999999829,0.999999994,1,,,,8.76,0.994959493,0.998403,1,,,
8.77,0.999999832,0.999999994,1,,,,8.77,0.994977823,0.998410178,1,,,
8.78,0.999999833,0.999999994,1,,,,8.78,0.994996067,0.998417316,1,,,
8.79,0.999999834,0.999999994,1,,,,8.79,0.995014226,0.998424414,1,,,
8.8,0.999999841,0.999999994,1,,,,8.8,0.9950323,0.998431474,1,,,
8.81,0.99999984,0.999999994,1,,,,8.81,0.995050291,0.998438496,1,,,
8.82,0.999999842,0.999999994,1,,,,8.82,0.995068198,0.998445478,1,,,
8.83,0.999999838,0.999999994,1,,,,8.83,0.995086022,0.998452423,1,,,
8.84,0.999999842,0.999999994,1,,,,8.84,0.995103763,0.99845933,1,,,
8.85,0.999999845,0.999999994,1,,,,8.85,0.995121422,0.998466199,1,,,
8.86,0.99999984,0.999999994,1,,,,8.86,0.995138999,0.99847303,1,,,
8.87,0.999999844,0.999999994,1,,,,8.87,0.995156496,0.998479825,1,,,
8.88,0.999999847,0.999999994,1,,,,8.88,0.995173911,0.998486582,1,,,
8.89,0.99999985,0.999999994,1,,,,8.89,0.995191246,0.998493303,1,,,
8.9,0.999999849,0.999999994,1,,,,8.9,0.995208501,0.998499987,1,,,
8.91,0.999999847,0.999999994,1,,,,8.91,0.995225677,0.998506635,1,,,
8.92,0.999999849,0.999999994,1,,,,8.92,0.995242774,0.998513247,1,,,
8.93,0.999999852,0.999999994,1,,,,8.93,0.995259792,0.998519824,1,,,
8.94,0.999999853,0.999999994,1,,,,8.94,0.995276733,0.998526364,1,,,
8.95,0.999999848,0.999999994,1,,,,8.95,0.995293595,0.99853287,1,,,
8.96,0.99999985,0.999999994,1,,,,8.96,0.995310381,0.99853934,1,,,
8.97,0.999999847,0.999999994,1,,,,8.97,0.995327089,0.998545775,1,,,
8.98,0.999999853,0.999999994,1,,,,8.98,0.995343722,0.998552176,1,,,
8.99,0.999999851,0.999999995,1,,,,8.99,0.995360278,0.998558542,1,,,
9,0.999999849,0.999999995,1,,,,9,0.995376759,0.998564874,1,,,
9.01,0.99999985,0.999999995,1,,,,9.01,0.995393165,0.998571172,1,,,
9.02,0.999999849,0.999999995,1,,,,9.02,0.995409496,0.998577436,1,,,
9.03,0.999999856,0.999999995,1,,,,9.03,0.995425752,0.998583667,1,,,
9.04,0.999999851,0.999999995,1,,,,9.04,0.995441935,0.998589864,1,,,
9.05,0.999999852,0.999999995,1,,,,9.05,0.995458045,0.998596028,1,,,
9.06,0.999999858,0.999999995,1,,,,9.06,0.995474081,0.998602159,1,,,
9.07,0.99999986,0.999999995,1,,,,9.07,0.995490045,0.998608258,1,,,
9.08,0.999999862,0.999999995,1,,,,9.08,0.995505937,0.998614324,1,,,
9.09,0.999999865,0.999999995,1,,,,9.09,0.995521757,0.998620357,1,,,
9.1,0.999999859,0.999999995,1,,,,9.1,0.995537505,0.998626359,1,,,
9.11,0.999999862,0.999999995,1,,,,9.11,0.995553182,0.998632328,1,,,
9.12,0.999999865,0.999999995,1,,,,9.12,0.995568789,0.998638266,1,,,
9.13,0.999999865,0.999999995,1,,,,9.13,0.995584325,0.998644173,1,,,
9.14,0.999999866,0.999999995,1,,,,9.14,0.995599792,0.998650048,1,,,
9.15,0.999999869,0.999999995,1,,,,9.15,0.995615189,0.998655891,1,,,
9.16,0.999999866,0.999999995,1,,,,9.16,0.995630517,0.998661704,1,,,
9.17,0.999999867,0.999999995,1,,,,9.17,0.995645776,0.998667487,1,,,
9.18,0.999999861,0.999999995,1,,,,9.18,0.995660967,0.998673238,1,,,
9.19,0.999999865,0.999999995,1,,,,9.19,0.995676089,0.998678959,1,,,
9.2,0.999999875,0.999999995,1,,,,9.2,0.995691145,0.998684651,1,,,
9.21,0.99999987,0.999999995,1,,,,9.21,0.995706132,0.998690312,1,,,
9.22,0.999999878,0.999999995,1,,,,9.22,0.995721054,0.998695943,1,,,
9.23,0.999999874,0.999999995,1,,,,9.23,0.995735908,0.998701545,1,,,
9.24,0.999999878,0.999999995,1,,,,9.24,0.995750696,0.998707117,1,,,
9.25,0.999999869,0.999999995,1,,,,9.25,0.995765419,0.99871266,1,,,
9.26,0.99999988,0.999999995,1,,,,9.26,0.995780076,0.998718174,1,,,
9.27,0.999999867,0.999999995,1,,,,9.27,0.995794668,0.998723659,1,,,
9.28,0.999999868,0.999999995,1,,,,9.28,0.995809195,0.998729116,1,,,
9.29,0.99999987,0.999999995,1,,,,9.29,0.995823658,0.998734544,1,,,
9.3,0.999999866,0.999999995,1,,,,9.3,0.995838057,0.998739943,1,,,
9.31,0.999999868,0.999999995,1,,,,9.31,0.995852392,0.998745315,1,,,
9.32,0.999999869,0.999999995,1,,,,9.32,0.995866664,0.998750658,1,,,
9.33,0.999999876,0.999999996,1,,,,9.33,0.995880873,0.998755974,1,,,
9.34,0.999999872,0.999999996,1,,,,9.34,0.995895019,0.998761262,1,,,
9.35,0.99999988,0.999999996,1,,,,9.35,0.995909103,0.998766522,1,,,
9.36,0.999999875,0.999999996,1,,,,9.36,0.995923125,0.998771755,1,,,
9.37,0.999999873,0.999999996,1,,,,9.37,0.995937085,0.998776961,1,,,
9.38,0.999999879,0.999999996,1,,,,9.38,0.995950983,0.99878214,1,,,
9.39,0.999999885,0.999999996,1,,,,9.39,0.995964821,0.998787292,1,,,
9.4,0.999999882,0.999999996,1,,,,9.4,0.995978598,0.998792418,1,,,
9.41,0.999999891,0.999999996,1,,,,9.41,0.995992315,0.998797517,1,,,
9.42,0.999999888,0.999999996,1,,,,9.42,0.996005972,0.998802589,1,,,
9.43,0.999999889,0.999999996,1,,,,9.43,0.996019569,0.998807636,1,,,
9.44,0.999999887,0.999999996,1,,,,9.44,0.996033106,0.998812656,1,,,
9.45,0.999999885,0.999999996,1,,,,9.45,0.996046585,0.998817651,1,,,
9.46,0.999999893,0.999999996,1,,,,9.46,0.996060005,0.99882262,1,,,
9.47,0.999999893,0.999999996,1,,,,9.47,0.996073366,0.998827563,1,,,
9.48,0.999999893,0.999999996,1,,,,9.48,0.996086669,0.998832481,1,,,
9.49,0.999999888,0.999999996,1,,,,9.49,0.996099914,0.998837374,1,,,
9.5,0.999999885,0.999999996,1,,,,9.5,0.996113102,0.998842242,1,,,
9.51,0.999999888,0.999999996,1,,,,9.51,0.996126233,0.998847084,1,,,
9.52,0.999999891,0.999999996,1,,,,9.52,0.996139306,0.998851902,1,,,
9.53,0.999999897,0.999999996,1,,,,9.53,0.996152323,0.998856696,1,,,
9.54,0.999999891,0.999999996,1,,,,9.54,0.996165284,0.998861465,1,,,
9.55,0.999999894,0.999999996,1,,,,9.55,0.996178189,0.998866209,1,,,
9.56,0.999999903,0.999999996,1,,,,9.56,0.996191038,0.99887093,1,,,
9.57,0.999999904,0.999999996,1,,,,9.57,0.996203831,0.998875626,1,,,
9.58,0.9999999,0.999999996,1,,,,9.58,0.99621657,0.998880298,1,,,
9.59,0.9999999,0.999999996,1,,,,9.59,0.996229253,0.998884947,1,,,
9.6,0.999999901,0.999999996,1,,,,9.6,0.996241882,0.998889572,1,,,
9.61,0.999999894,0.999999996,1,,,,9.61,0.996254457,0.998894174,1,,,
9.62,0.999999895,0.999999996,1,,,,9.62,0.996266978,0.998898752,1,,,
9.63,0.99999989,0.999999996,1,,,,9.63,0.996279445,0.998903307,1,,,
9.64,0.99999989,0.999999996,1,,,,9.64,0.996291858,0.998907839,1,,,
9.65,0.999999892,0.999999996,1,,,,9.65,0.996304219,0.998912349,1,,,
9.66,0.999999895,0.999999996,1,,,,9.66,0.996316526,0.998916835,1,,,
9.67,0.999999897,0.999999996,1,,,,9.67,0.996328781,0.998921299,1,,,
9.68,0.999999895,0.999999996,1,,,,9.68,0.996340984,0.99892574,1,,,
9.69,0.999999915,0.999999996,1,,,,9.69,0.996353134,0.998930159,1,,,
9.7,0.999999903,0.999999996,1,,,,9.7,0.996365233,0.998934556,1,,,
9.71,0.999999902,0.999999996,1,,,,9.71,0.99637728,0.99893893,1,,,
9.72,0.999999902,0.999999996,1,,,,9.72,0.996389276,0.998943283,1,,,
9.73,0.999999899,0.999999996,1,,,,9.73,0.996401221,0.998947613,1,,,
9.74,0.999999899,0.999999996,1,,,,9.74,0.996413116,0.998951922,1,,,
9.75,0.999999897,0.999999996,1,,,,9.75,0.996424959,0.99895621,1,,,
9.76,0.999999899,0.999999996,1,,,,9.76,0.996436753,0.998960476,1,,,
9.77,0.999999898,0.999999997,1,,,,9.77,0.996448497,0.998964721,1,,,
9.78,0.999999918,0.999999997,1,,,,9.78,0.996460191,0.998968944,1,,,
9.79,0.999999904,0.999999997,1,,,,9.79,0.996471836,0.998973146,1,,,
9.8,0.9999999,0.999999997,1,,,,9.8,0.996483431,0.998977328,1,,,
9.81,0.999999907,0.999999997,1,,,,9.81,0.996494978,0.998981488,1,,,
9.82,0.999999902,0.999999997,1,,,,9.82,0.996506476,0.998985628,1,,,
9.83,0.999999907,0.999999997,1,,,,9.83,0.996517925,0.998989748,1,,,
9.84,0.999999904,0.999999997,1,,,,9.84,0.996529327,0.998993847,1,,,
9.85,0.999999901,0.999999997,1,,,,9.85,0.99654068,0.998997925,1,,,
9.86,0.99999992,0.999999997,1,,,,9.86,0.996551986,0.999001983,1,,,
9.87,0.999999914,0.999999997,1,,,,9.87,0.996563244,0.999006022,1,,,
9.88,0.999999902,0.999999997,1,,,,9.88,0.996574456,0.99901004,1,,,
9.89,0.999999908,0.999999997,1,,,,9.89,0.99658562,0.999014038,1,,,
9.9,0.999999903,0.999999997,1,,,,9.9,0.996596737,0.999018017,1,,,
9.91,0.999999916,0.999999997,1,,,,9.91,0.996607809,0.999021976,1,,,
9.92,0.99999991,0.999999997,1,,,,9.92,0.996618833,0.999025915,1,,,
9.93,0.999999916,0.999999997,1,,,,9.93,0.996629812,0.999029835,1,,,
9.94,0.999999911,0.999999997,1,,,,9.94,0.996640745,0.999033736,1,,,
9.95,0.99999991,0.999999997,1,,,,9.95,0.996651633,0.999037617,1,,,
9.96,0.999999916,0.999999997,1,,,,9.96,0.996662475,0.999041479,1,,,
9.97,0.999999906,0.999999997,1,,,,9.97,0.996673273,0.999045323,1,,,
9.98,0.999999912,0.999999997,1,,,,9.98,0.996684025,0.999049148,1,,,
9.99,0.999999914,0.999999997,1,,,,9.99,0.996694733,0.999052953,1,,,
10,0.999999918,0.999999997,1,,,,10,0.996705397,0.999056741,1,,,
