D1,,,,parameters of the mean fragility,,
flow depth [m],mean-1sigma fragility,mean fragility,mean+1sigma fragility,median,logarithmic standard deviation,epistemic uncertainty
0.000001,0,0,0,3.983720297,0.590014237,0.068552494
0.01,0,9.00797E-15,3.21178E-13,,,
0.02,0,1.52937E-12,4.48304E-11,,,
0.03,0,2.5379E-11,6.25393E-10,,,
0.04,0,1.72188E-10,3.64066E-09,,,
0.05,0,7.29362E-10,1.34587E-08,,,
0.06,0,2.31329E-09,3.77762E-08,,,
0.07,0,6.03705E-09,8.8252E-08,,,
0.08,0,1.36974E-08,1.80969E-07,,,
0.09,0,2.79771E-08,3.36773E-07,,,
0.1,0,5.26591E-08,5.81535E-07,,,
0.11,0,9.28506E-08,9.46352E-07,,,
0.12,0,1.55214E-07,1.4677E-06,,,
0.13,0,2.48204E-07,2.1876E-06,,,
0.14,0,3.82302E-07,3.15367E-06,,,
0.15,0,5.70263E-07,4.4193E-06,,,
0.16,0,8.27341E-07,6.04368E-06,,,
0.17,0,1.17153E-06,8.09191E-06,,,
0.18,0,1.6238E-06,1.0635E-05,,,
0.19,0,2.2083E-06,1.37502E-05,,,
0.2,0,2.95256E-06,1.75205E-05,,,
0.21,0,3.88774E-06,2.20353E-05,,,
0.22,0,5.04877E-06,2.73899E-05,,,
0.23,0,6.47456E-06,3.36861E-05,,,
0.24,0,8.20814E-06,4.10315E-05,,,
0.25,0,1.02968E-05,4.95402E-05,,,
0.26,0,1.27924E-05,5.93319E-05,,,
0.27,0,1.57511E-05,7.0533E-05,,,
0.28,0,1.92339E-05,8.32755E-05,,,
0.29,0,2.33066E-05,9.76975E-05,,,
0.3,0,2.80395E-05,0.000113943,,,
0.31,0,3.35082E-05,0.000132161,,,
0.32,0,3.97929E-05,0.000152507,,,
0.33,0,4.69791E-05,0.000175142,,,
0.34,0,5.5157E-05,0.000200231,,,
0.35,0,6.44218E-05,0.000227946,,,
0.36,0,7.4874E-05,0.000258462,,,
0.37,0,8.66187E-05,0.00029196,,,
0.38,0,9.97661E-05,0.000328625,,,
0.39,0,0.000114431,0.000368646,,,
0.4,0,0.000130734,0.000412216,,,
0.41,0,0.000148799,0.000459533,,,
0.42,0,0.000168755,0.000510797,,,
0.43,0,0.000190737,0.000566212,,,
0.44,0,0.000214882,0.000625985,,,
0.45,0,0.000241333,0.000690324,,,
0.46,0,0.000270237,0.000759443,,,
0.47,0,0.000301745,0.000833555,,,
0.48,0,0.000336011,0.000912876,,,
0.49,0,0.000373194,0.000997624,,,
0.5,0,0.000413457,0.001088017,,,
0.51,0,0.000456965,0.001184276,,,
0.52,0,0.000503887,0.001286621,,,
0.53,0,0.000554395,0.001395274,,,
0.54,0,0.000608665,0.001510456,,,
0.55,0,0.000666873,0.001632388,,,
0.56,0,0.000729202,0.001761291,,,
0.57,0,0.000795833,0.001897387,,,
0.58,0,0.000866952,0.002040894,,,
0.59,0,0.000942745,0.002192033,,,
0.6,0,0.001023403,0.002351019,,,
0.61,0,0.001109115,0.00251807,,,
0.62,0,0.001200073,0.002693399,,,
0.63,0,0.001296472,0.002877219,,,
0.64,0,0.001398505,0.00306974,,,
0.65,0,0.001506368,0.00327117,,,
0.66,0,0.001620256,0.003481714,,,
0.67,0,0.001740367,0.003701575,,,
0.68,0,0.001866897,0.003930953,,,
0.69,0,0.002000043,0.004170045,,,
0.7,0,0.002140003,0.004419043,,,
0.71,0,0.002286972,0.004678139,,,
0.72,0,0.002441147,0.004947518,,,
0.73,0,0.002602724,0.005227365,,,
0.74,2.59381E-05,0.002771898,0.005517857,,,
0.75,7.85533E-05,0.002948862,0.005819171,,,
0.76,0.000136143,0.003133811,0.006131479,,,
0.77,0.000198923,0.003326935,0.006454947,,,
0.78,0.000267112,0.003528425,0.006789738,,,
0.79,0.000340928,0.00373847,0.007136012,,,
0.8,0.00042059,0.003957257,0.007493924,,,
0.81,0.000506318,0.004184971,0.007863623,,,
0.82,0.000598335,0.004421795,0.008245256,,,
0.83,0.00069686,0.004667912,0.008638963,,,
0.84,0.000802115,0.004923499,0.009044883,,,
0.85,0.000914321,0.005188733,0.009463145,,,
0.86,0.0010337,0.00546379,0.00989388,,,
0.87,0.001160471,0.005748839,0.010337208,,,
0.88,0.001294853,0.006044051,0.010793249,,,
0.89,0.001437067,0.006349591,0.011262115,,,
0.9,0.001587329,0.006665622,0.011743916,,,
0.91,0.001745855,0.006992306,0.012238756,,,
0.92,0.001912862,0.007329798,0.012746734,,,
0.93,0.002088561,0.007678253,0.013267945,,,
0.94,0.002273164,0.008037821,0.013802478,,,
0.95,0.002466882,0.008408651,0.01435042,,,
0.96,0.002669921,0.008790885,0.01491185,,,
0.97,0.002882486,0.009184665,0.015486845,,,
0.98,0.00310478,0.009590128,0.016075476,,,
0.99,0.003337004,0.010007407,0.01667781,,,
1,0.003579354,0.010436631,0.017293909,,,
1.01,0.003832025,0.010877928,0.017923831,,,
1.02,0.004095209,0.011331419,0.018567628,,,
1.03,0.004369093,0.011797222,0.019225351,,,
1.04,0.004653864,0.012275454,0.019897044,,,
1.05,0.004949702,0.012766224,0.020582746,,,
1.06,0.005256787,0.01326964,0.021282494,,,
1.07,0.005575292,0.013785806,0.021996319,,,
1.08,0.00590539,0.014314819,0.022724249,,,
1.09,0.006247247,0.014856777,0.023466307,,,
1.1,0.006601026,0.01541177,0.024222514,,,
1.11,0.006966887,0.015979885,0.024992883,,,
1.12,0.007344987,0.016561207,0.025777427,,,
1.13,0.007735475,0.017155814,0.026576153,,,
1.14,0.008138499,0.017763783,0.027389066,,,
1.15,0.008554203,0.018385184,0.028216165,,,
1.16,0.008982725,0.019020086,0.029057448,,,
1.17,0.009424199,0.019668553,0.029912907,,,
1.18,0.009878755,0.020330643,0.030782531,,,
1.19,0.010346519,0.021006413,0.031666308,,,
1.2,0.010827612,0.021695915,0.032564219,,,
1.21,0.01132215,0.022399197,0.033476244,,,
1.22,0.011830246,0.023116303,0.03440236,,,
1.23,0.012352006,0.023847273,0.03534254,,,
1.24,0.012887534,0.024592143,0.036296753,,,
1.25,0.013436927,0.025350947,0.037264968,,,
1.26,0.014000279,0.026123713,0.038247148,,,
1.27,0.01457768,0.026910467,0.039243254,,,
1.28,0.015169213,0.02771123,0.040253247,,,
1.29,0.015774957,0.028526019,0.04127708,,,
1.3,0.016394988,0.029354849,0.042314709,,,
1.31,0.017029376,0.03019773,0.043366084,,,
1.32,0.017678187,0.03105467,0.044431153,,,
1.33,0.018341481,0.031925671,0.045509862,,,
1.34,0.019019314,0.032810735,0.046602156,,,
1.35,0.019711739,0.033709857,0.047707975,,,
1.36,0.020418802,0.034623031,0.04882726,,,
1.37,0.021140546,0.035550246,0.049959947,,,
1.38,0.021877008,0.03649149,0.051105971,,,
1.39,0.022628223,0.037446745,0.052265266,,,
1.4,0.023394219,0.038415991,0.053437764,,,
1.41,0.024175019,0.039399206,0.054623394,,,
1.42,0.024970645,0.040396364,0.055822083,,,
1.43,0.025781112,0.041407435,0.057033758,,,
1.44,0.026606431,0.042432387,0.058258343,,,
1.45,0.027446608,0.043471185,0.059495762,,,
1.46,0.028301647,0.044523791,0.060745936,,,
1.47,0.029171545,0.045590165,0.062008785,,,
1.48,0.030056297,0.046670262,0.063284227,,,
1.49,0.030955892,0.047764036,0.06457218,,,
1.5,0.031870317,0.048871439,0.06587256,,,
1.51,0.032799553,0.049992418,0.067185282,,,
1.52,0.033743578,0.051126919,0.06851026,,,
1.53,0.034702366,0.052274886,0.069847406,,,
1.54,0.035675887,0.05343626,0.071196633,,,
1.55,0.036664106,0.054610978,0.07255785,,,
1.56,0.037666987,0.055798977,0.073930968,,,
1.57,0.038684487,0.057000191,0.075315895,,,
1.58,0.039716562,0.058214551,0.07671254,,,
1.59,0.040763163,0.059441987,0.07812081,,,
1.6,0.041824237,0.060682425,0.079540612,,,
1.61,0.04289973,0.06193579,0.080971851,,,
1.62,0.043989581,0.063202007,0.082414433,,,
1.63,0.045093728,0.064480995,0.083868263,,,
1.64,0.046212106,0.065772675,0.085333244,,,
1.65,0.047344645,0.067076963,0.086809281,,,
1.66,0.048491273,0.068393775,0.088296277,,,
1.67,0.049651916,0.069723025,0.089794134,,,
1.68,0.050826493,0.071064624,0.091302755,,,
1.69,0.052014925,0.072418484,0.092822042,,,
1.7,0.053217126,0.073784512,0.094351898,,,
1.71,0.05443301,0.075162616,0.095892222,,,
1.72,0.055662487,0.076552703,0.097442918,,,
1.73,0.056905464,0.077954675,0.099003886,,,
1.74,0.058161846,0.079368436,0.100575027,,,
1.75,0.059431536,0.080793888,0.102156241,,,
1.76,0.060714432,0.082230931,0.10374743,,,
1.77,0.062010432,0.083679463,0.105348494,,,
1.78,0.063319431,0.085139383,0.106959335,,,
1.79,0.064641321,0.086610586,0.108579851,,,
1.8,0.065975993,0.088092969,0.110209945,,,
1.81,0.067323335,0.089586426,0.111849517,,,
1.82,0.068683233,0.09109085,0.113498467,,,
1.83,0.070055571,0.092606133,0.115156696,,,
1.84,0.07144023,0.094132168,0.116824105,,,
1.85,0.072837091,0.095668844,0.118500596,,,
1.86,0.074246032,0.097216051,0.120186069,,,
1.87,0.07566693,0.098773678,0.121880426,,,
1.88,0.077099659,0.100341614,0.123583568,,,
1.89,0.078544093,0.101919745,0.125295397,,,
1.9,0.080000102,0.103507959,0.127015816,,,
1.91,0.081467557,0.105106141,0.128744725,,,
1.92,0.082946327,0.106714177,0.130482028,,,
1.93,0.084436278,0.108331952,0.132227627,,,
1.94,0.085937276,0.10995935,0.133981425,,,
1.95,0.087449185,0.111596256,0.135743326,,,
1.96,0.08897187,0.113242552,0.137513233,,,
1.97,0.090505192,0.114898121,0.13929105,,,
1.98,0.092049012,0.116562847,0.141076681,,,
1.99,0.093603191,0.118236611,0.142870031,,,
2,0.095167587,0.119919295,0.144671004,,,
2.01,0.096742058,0.121610782,0.146479506,,,
2.02,0.098326462,0.123310952,0.148295441,,,
2.03,0.099920656,0.125019687,0.150118717,,,
2.04,0.101524495,0.126736867,0.15194924,,,
2.05,0.103137835,0.128462375,0.153786915,,,
2.06,0.104760529,0.13019609,0.15563165,,,
2.07,0.106392432,0.131937892,0.157483352,,,
2.08,0.108033398,0.133687664,0.15934193,,,
2.09,0.109683279,0.135445285,0.16120729,,,
2.1,0.111341928,0.137210635,0.163079342,,,
2.11,0.113009198,0.138983596,0.164957994,,,
2.12,0.11468494,0.140764048,0.166843156,,,
2.13,0.116369006,0.142551872,0.168734738,,,
2.14,0.118061248,0.144346948,0.170632648,,,
2.15,0.119761517,0.146149157,0.172536798,,,
2.16,0.121469664,0.147958381,0.174447098,,,
2.17,0.123185542,0.1497745,0.176363459,,,
2.18,0.124909,0.151597397,0.178285793,,,
2.19,0.126639892,0.153426952,0.180214012,,,
2.2,0.128378068,0.155263048,0.182148027,,,
2.21,0.13012338,0.157105566,0.184087752,,,
2.22,0.13187568,0.15895439,0.186033099,,,
2.23,0.13363482,0.160809401,0.187983981,,,
2.24,0.135400653,0.162670483,0.189940312,,,
2.25,0.137173032,0.164537519,0.191902006,,,
2.26,0.138951809,0.166410393,0.193868977,,,
2.27,0.140736839,0.168288989,0.19584114,,,
2.28,0.142527975,0.170173192,0.197818409,,,
2.29,0.144325072,0.172062886,0.199800699,,,
2.3,0.146127986,0.173957956,0.201787927,,,
2.31,0.147936572,0.17585829,0.203780007,,,
2.32,0.149750686,0.177763772,0.205776857,,,
2.33,0.151570186,0.179674289,0.207778391,,,
2.34,0.15339493,0.181589729,0.209784528,,,
2.35,0.155224775,0.183509979,0.211795183,,,
2.36,0.157059582,0.185434928,0.213810274,,,
2.37,0.15889921,0.187364464,0.215829718,,,
2.38,0.16074352,0.189298477,0.217853434,,,
2.39,0.162592374,0.191236856,0.219881338,,,
2.4,0.164445635,0.193179492,0.221913349,,,
2.41,0.166303166,0.195126276,0.223949386,,,
2.42,0.168164833,0.1970771,0.225989367,,,
2.43,0.1700305,0.199031855,0.22803321,,,
2.44,0.171900034,0.200990434,0.230080835,,,
2.45,0.173773303,0.202952732,0.232132161,,,
2.46,0.175650176,0.204918642,0.234187108,,,
2.47,0.177530522,0.206888058,0.236245594,,,
2.48,0.179414213,0.208860877,0.238307541,,,
2.49,0.18130112,0.210836993,0.240372867,,,
2.5,0.183191117,0.212816305,0.242441493,,,
2.51,0.185084079,0.214798709,0.244513339,,,
2.52,0.18697988,0.216784103,0.246588326,,,
2.53,0.188878398,0.218772386,0.248666374,,,
2.54,0.19077951,0.220763457,0.250747404,,,
2.55,0.192683098,0.222757218,0.252831338,,,
2.56,0.194589039,0.224753568,0.254918096,,,
2.57,0.196497218,0.226752408,0.257007599,,,
2.58,0.198407517,0.228753643,0.259099769,,,
2.59,0.20031982,0.230757174,0.261194527,,,
2.6,0.202234014,0.232762905,0.263291795,,,
2.61,0.204149985,0.23477074,0.265391496,,,
2.62,0.206067623,0.236780586,0.26749355,,,
2.63,0.207986817,0.238792348,0.26959788,,,
2.64,0.209907458,0.240805933,0.271704408,,,
2.65,0.211829439,0.242821248,0.273813057,,,
2.66,0.213752655,0.244838202,0.275923748,,,
2.67,0.215677,0.246856703,0.278036406,,,
2.68,0.217602371,0.248876661,0.280150952,,,
2.69,0.219528667,0.250897988,0.282267309,,,
2.7,0.221455787,0.252920594,0.2843854,,,
2.71,0.223383632,0.254944391,0.28650515,,,
2.72,0.225312105,0.256969292,0.28862648,,,
2.73,0.227241109,0.258995212,0.290749315,,,
2.74,0.22917055,0.261022064,0.292873578,,,
2.75,0.231100334,0.263049763,0.294999192,,,
2.76,0.233030369,0.265078226,0.297126083,,,
2.77,0.234960565,0.267107369,0.299254174,,,
2.78,0.236890832,0.269137111,0.301383389,,,
2.79,0.238821083,0.271167368,0.303513653,,,
2.8,0.240751231,0.273198061,0.305644891,,,
2.81,0.242681191,0.275229109,0.307777027,,,
2.82,0.244610879,0.277260433,0.309909986,,,
2.83,0.246540214,0.279291954,0.312043694,,,
2.84,0.248469114,0.281323595,0.314178076,,,
2.85,0.250397499,0.283355278,0.316313058,,,
2.86,0.252325292,0.285386929,0.318448565,,,
2.87,0.254252415,0.28741847,0.320584524,,,
2.88,0.256178793,0.289449827,0.322720862,,,
2.89,0.258104351,0.291480927,0.324857503,,,
2.9,0.260029017,0.293511697,0.326994376,,,
2.91,0.261952719,0.295542063,0.329131407,,,
2.92,0.263875386,0.297571955,0.331268525,,,
2.93,0.26579695,0.299601302,0.333405655,,,
2.94,0.267717342,0.301630034,0.335542727,,,
2.95,0.269636496,0.303658082,0.337679668,,,
2.96,0.271554347,0.305685377,0.339816406,,,
2.97,0.27347083,0.307711851,0.341952872,,,
2.98,0.275385883,0.309737438,0.344088993,,,
2.99,0.277299443,0.311762071,0.346224699,,,
3,0.279211451,0.313785685,0.348359919,,,
3.01,0.281121846,0.315808215,0.350494585,,,
3.02,0.283030571,0.317829598,0.352628625,,,
3.03,0.284937569,0.31984977,0.354761971,,,
3.04,0.286842783,0.321868669,0.356894555,,,
3.05,0.288746159,0.323886233,0.359026307,,,
3.06,0.290647643,0.325902401,0.361157159,,,
3.07,0.292547182,0.327917113,0.363287043,,,
3.08,0.294444725,0.329930309,0.365415893,,,
3.09,0.296340221,0.331941931,0.367543642,,,
3.1,0.298233621,0.333951921,0.369670221,,,
3.11,0.300124877,0.335960222,0.371795567,,,
3.12,0.30201394,0.337966776,0.373919612,,,
3.13,0.303900765,0.339971529,0.376042292,,,
3.14,0.305785306,0.341974424,0.378163542,,,
3.15,0.307667518,0.343975408,0.380283297,,,
3.16,0.309547358,0.345974426,0.382401494,,,
3.17,0.311424783,0.347971426,0.384518069,,,
3.18,0.313299752,0.349966356,0.386632959,,,
3.19,0.315172224,0.351959163,0.388746102,,,
3.2,0.317042159,0.353949797,0.390857436,,,
3.21,0.318909517,0.355938208,0.392966898,,,
3.22,0.320774261,0.357924345,0.395074429,,,
3.23,0.322636354,0.359908161,0.397179968,,,
3.24,0.324495758,0.361889606,0.399283454,,,
3.25,0.326352439,0.363868634,0.401384828,,,
3.26,0.328206361,0.365845197,0.403484032,,,
3.27,0.330057491,0.367819249,0.405581006,,,
3.28,0.331905794,0.369790744,0.407675694,,,
3.29,0.333751239,0.371759638,0.409768037,,,
3.3,0.335593794,0.373725886,0.411857979,,,
3.31,0.337433427,0.375689445,0.413945464,,,
3.32,0.339270108,0.377650272,0.416030435,,,
3.33,0.341103809,0.379608324,0.418112839,,,
3.34,0.342934499,0.381563559,0.420192619,,,
3.35,0.34476215,0.383515937,0.422269723,,,
3.36,0.346586736,0.385465416,0.424344096,,,
3.37,0.348408229,0.387411958,0.426415687,,,
3.38,0.350226603,0.389355522,0.428484442,,,
3.39,0.352041832,0.39129607,0.430550309,,,
3.4,0.353853891,0.393233565,0.432613239,,,
3.41,0.355662756,0.395167968,0.43467318,,,
3.42,0.357468403,0.397099242,0.436730081,,,
3.43,0.359270809,0.399027352,0.438783895,,,
3.44,0.361069951,0.400952261,0.440834572,,,
3.45,0.362865807,0.402873935,0.442882064,,,
3.46,0.364658356,0.404792339,0.444926323,,,
3.47,0.366447576,0.406707439,0.446967302,,,
3.48,0.368233448,0.408619202,0.449004955,,,
3.49,0.370015952,0.410527594,0.451039236,,,
3.5,0.371795067,0.412432583,0.4530701,,,
3.51,0.373570775,0.414334138,0.455097502,,,
3.52,0.375343058,0.416232228,0.457121398,,,
3.53,0.377111898,0.418126821,0.459141745,,,
3.54,0.378877277,0.420017888,0.461158499,,,
3.55,0.380639179,0.421905399,0.46317162,,,
3.56,0.382397586,0.423789325,0.465181064,,,
3.57,0.384152483,0.425669638,0.467186792,,,
3.58,0.385903855,0.427546308,0.469188762,,,
3.59,0.387651685,0.42941931,0.471186934,,,
3.6,0.38939596,0.431288615,0.47318127,,,
3.61,0.391136665,0.433154198,0.475171731,,,
3.62,0.392873785,0.435016032,0.477158279,,,
3.63,0.394607308,0.436874092,0.479140876,,,
3.64,0.39633722,0.438728353,0.481119486,,,
3.65,0.398063509,0.44057879,0.483094071,,,
3.66,0.399786161,0.442425379,0.485064597,,,
3.67,0.401505166,0.444268097,0.487031028,,,
3.68,0.403220511,0.446106921,0.48899333,,,
3.69,0.404932185,0.447941827,0.490951469,,,
3.7,0.406640177,0.449772794,0.492905411,,,
3.71,0.408344477,0.4515998,0.494855124,,,
3.72,0.410045074,0.453422824,0.496800575,,,
3.73,0.411741958,0.455241845,0.498741732,,,
3.74,0.413435119,0.457056843,0.500678566,,,
3.75,0.415124549,0.458867797,0.502611044,,,
3.76,0.416810239,0.460674688,0.504539138,,,
3.77,0.418492178,0.462477498,0.506462817,,,
3.78,0.42017036,0.464276206,0.508382053,,,
3.79,0.421844776,0.466070797,0.510296817,,,
3.8,0.423515418,0.46786125,0.512207083,,,
3.81,0.425182279,0.46964755,0.514112822,,,
3.82,0.426845351,0.471429679,0.516014008,,,
3.83,0.428504628,0.473207621,0.517910614,,,
3.84,0.430160102,0.474981359,0.519802616,,,
3.85,0.431811768,0.476750878,0.521689988,,,
3.86,0.433459619,0.478516162,0.523572706,,,
3.87,0.435103649,0.480277197,0.525450745,,,
3.88,0.436743852,0.482033967,0.527324082,,,
3.89,0.438380224,0.483786459,0.529192695,,,
3.9,0.440012758,0.485534659,0.531056561,,,
3.91,0.44164145,0.487278553,0.532915657,,,
3.92,0.443266295,0.489018128,0.534769962,,,
3.93,0.444887288,0.490753372,0.536619457,,,
3.94,0.446504426,0.492484272,0.538464119,,,
3.95,0.448117703,0.494210816,0.540303929,,,
3.96,0.449727118,0.495932993,0.542138868,,,
3.97,0.451332664,0.497650791,0.543968917,,,
3.98,0.45293434,0.499364198,0.545794057,,,
3.99,0.454532142,0.501073206,0.54761427,,,
4,0.456126067,0.502777803,0.549429538,,,
4.01,0.457716112,0.504477979,0.551239846,,,
4.02,0.459302274,0.506173725,0.553045176,,,
4.03,0.460884552,0.507865031,0.554845511,,,
4.04,0.462462942,0.509551889,0.556640837,,,
4.05,0.464037443,0.51123429,0.558431138,,,
4.06,0.465608052,0.512912225,0.560216399,,,
4.07,0.467174768,0.514585687,0.561996606,,,
4.08,0.46873759,0.516254667,0.563771745,,,
4.09,0.470296516,0.517919159,0.565541802,,,
4.1,0.471851545,0.519579155,0.567306766,,,
4.11,0.473402676,0.521234649,0.569066622,,,
4.12,0.474949907,0.522885633,0.570821359,,,
4.13,0.476493239,0.524532102,0.572570965,,,
4.14,0.47803267,0.52617405,0.574315429,,,
4.15,0.479568201,0.52781147,0.576054739,,,
4.16,0.481099831,0.529444358,0.577788886,,,
4.17,0.482627559,0.531072709,0.579517859,,,
4.18,0.484151387,0.532696517,0.581241648,,,
4.19,0.485671313,0.534315779,0.582960245,,,
4.2,0.487187339,0.535930489,0.584673639,,,
4.21,0.488699465,0.537540644,0.586381823,,,
4.22,0.490207691,0.53914624,0.588084788,,,
4.23,0.491712019,0.540747273,0.589782527,,,
4.24,0.493212449,0.54234374,0.591475032,,,
4.25,0.494708981,0.543935639,0.593162296,,,
4.26,0.496201619,0.545522965,0.594844312,,,
4.27,0.497690361,0.547105718,0.596521074,,,
4.28,0.499175211,0.548683894,0.598192576,,,
4.29,0.500656169,0.550257491,0.599858812,,,
4.3,0.502133237,0.551826507,0.601519778,,,
4.31,0.503606417,0.553390942,0.603175467,,,
4.32,0.505075711,0.554950793,0.604825875,,,
4.33,0.50654112,0.55650606,0.606470999,,,
4.34,0.508002647,0.55805674,0.608110834,,,
4.35,0.509460294,0.559602835,0.609745376,,,
4.36,0.510914064,0.561144343,0.611374622,,,
4.37,0.512363958,0.562681264,0.612998569,,,
4.38,0.51380998,0.564213597,0.614617215,,,
4.39,0.515252131,0.565741344,0.616230557,,,
4.4,0.516690415,0.567264504,0.617838592,,,
4.41,0.518124834,0.568783077,0.61944132,,,
4.42,0.519555392,0.570297065,0.621038739,,,
4.43,0.520982092,0.571806469,0.622630846,,,
4.44,0.522404936,0.573311289,0.624217643,,,
4.45,0.523823928,0.574811528,0.625799127,,,
4.46,0.525239071,0.576307185,0.6273753,,,
4.47,0.526650369,0.577798264,0.628946159,,,
4.48,0.528057825,0.579284766,0.630511707,,,
4.49,0.529461442,0.580766692,0.632071942,,,
4.5,0.530861225,0.582244046,0.633626867,,,
4.51,0.532257177,0.583716829,0.635176482,,,
4.52,0.533649302,0.585185045,0.636720788,,,
4.53,0.535037604,0.586648695,0.638259786,,,
4.54,0.536422087,0.588107783,0.63979348,,,
4.55,0.537802755,0.589562312,0.64132187,,,
4.56,0.539179613,0.591012286,0.642844959,,,
4.57,0.540552663,0.592457706,0.644362749,,,
4.58,0.541921912,0.593898578,0.645875243,,,
4.59,0.543287363,0.595334904,0.647382445,,,
4.6,0.544649021,0.596766689,0.648884357,,,
4.61,0.54600689,0.598193936,0.650380983,,,
4.62,0.547360975,0.59961665,0.651872326,,,
4.63,0.54871128,0.601034836,0.653358391,,,
4.64,0.550057811,0.602448496,0.654839181,,,
4.65,0.551400572,0.603857637,0.656314701,,,
4.66,0.552739569,0.605262262,0.657784955,,,
4.67,0.554074805,0.606662377,0.659249949,,,
4.68,0.555406287,0.608057986,0.660709686,,,
4.69,0.556734019,0.609449096,0.662164173,,,
4.7,0.558058006,0.61083571,0.663613414,,,
4.71,0.559378254,0.612217834,0.665057415,,,
4.72,0.560694768,0.613595475,0.666496181,,,
4.73,0.562007553,0.614968636,0.66792972,,,
4.74,0.563316615,0.616337325,0.669358036,,,
4.75,0.564621959,0.617701548,0.670781136,,,
4.76,0.565923591,0.619061309,0.672199027,,,
4.77,0.567221516,0.620416615,0.673611715,,,
4.78,0.56851574,0.621767473,0.675019207,,,
4.79,0.569806268,0.623113889,0.67642151,,,
4.8,0.571093107,0.624455869,0.677818631,,,
4.81,0.572376262,0.625793419,0.679210577,,,
4.82,0.573655739,0.627126548,0.680597356,,,
4.83,0.574931543,0.62845526,0.681978976,,,
4.84,0.576203682,0.629779563,0.683355445,,,
4.85,0.57747216,0.631099465,0.684726769,,,
4.86,0.578736984,0.632414971,0.686092958,,,
4.87,0.57999816,0.63372609,0.68745402,,,
4.88,0.581255694,0.635032828,0.688809963,,,
4.89,0.582509592,0.636335193,0.690160795,,,
4.9,0.58375986,0.637633193,0.691506526,,,
4.91,0.585006505,0.638926834,0.692847163,,,
4.92,0.586249534,0.640216125,0.694182717,,,
4.93,0.587488951,0.641501074,0.695513196,,,
4.94,0.588724764,0.642781687,0.69683861,,,
4.95,0.58995698,0.644057973,0.698158967,,,
4.96,0.591185604,0.64532994,0.699474277,,,
4.97,0.592410643,0.646597597,0.70078455,,,
4.98,0.593632104,0.64786095,0.702089796,,,
4.99,0.594849993,0.649120008,0.703390024,,,
5,0.596064316,0.65037478,0.704685245,,,
5.01,0.597275082,0.651625275,0.705975467,,,
5.02,0.598482295,0.652871499,0.707260703,,,
5.03,0.599685964,0.654113463,0.708540961,,,
5.04,0.600886094,0.655351174,0.709816253,,,
5.05,0.602082693,0.656584641,0.711086588,,,
5.06,0.603275767,0.657813873,0.712351978,,,
5.07,0.604465323,0.659038878,0.713612433,,,
5.08,0.605651369,0.660259667,0.714867964,,,
5.09,0.60683391,0.661476246,0.716118582,,,
5.1,0.608012954,0.662688626,0.717364298,,,
5.11,0.609188508,0.663896815,0.718605123,,,
5.12,0.610360579,0.665100823,0.719841067,,,
5.13,0.611529174,0.666300659,0.721072144,,,
5.14,0.6126943,0.667496331,0.722298363,,,
5.15,0.613855964,0.66868785,0.723519736,,,
5.16,0.615014173,0.669875224,0.724736275,,,
5.17,0.616168935,0.671058463,0.725947991,,,
5.18,0.617320256,0.672237577,0.727154897,,,
5.19,0.618468144,0.673412574,0.728357003,,,
5.2,0.619612606,0.674583464,0.729554322,,,
5.21,0.620753648,0.675750257,0.730746866,,,
5.22,0.62189128,0.676912963,0.731934646,,,
5.23,0.623025506,0.678071591,0.733117675,,,
5.24,0.624156336,0.679226151,0.734295965,,,
5.25,0.625283776,0.680376652,0.735469528,,,
5.26,0.626407834,0.681523105,0.736638376,,,
5.27,0.627528517,0.682665519,0.737802521,,,
5.28,0.628645832,0.683803905,0.738961977,,,
5.29,0.629759787,0.684938271,0.740116755,,,
5.3,0.63087039,0.686068629,0.741266868,,,
5.31,0.631977647,0.687194987,0.742412328,,,
5.32,0.633081566,0.688317357,0.743553149,,,
5.33,0.634182154,0.689435748,0.744689342,,,
5.34,0.63527942,0.69055017,0.745820921,,,
5.35,0.63637337,0.691660634,0.746947898,,,
5.36,0.637464012,0.692767149,0.748070286,,,
5.37,0.638551355,0.693869726,0.749188098,,,
5.38,0.639635404,0.694968376,0.750301347,,,
5.39,0.640716168,0.696063107,0.751410046,,,
5.4,0.641793654,0.697153931,0.752514208,,,
5.41,0.64286787,0.698240858,0.753613846,,,
5.42,0.643938824,0.699323899,0.754708973,,,
5.43,0.645006523,0.700403063,0.755799602,,,
5.44,0.646070975,0.701478361,0.756885747,,,
5.45,0.647132187,0.702549803,0.75796742,,,
5.46,0.648190167,0.703617401,0.759044634,,,
5.47,0.649244923,0.704681163,0.760117404,,,
5.48,0.650296462,0.705741102,0.761185742,,,
5.49,0.651344793,0.706797227,0.762249662,,,
5.5,0.652389922,0.707849549,0.763309177,,,
5.51,0.653431858,0.708898079,0.764364301,,,
5.52,0.654470608,0.709942827,0.765415046,,,
5.53,0.655506179,0.710983803,0.766461427,,,
5.54,0.656538581,0.712021019,0.767503456,,,
5.55,0.65756782,0.713054484,0.768541148,,,
5.56,0.658593904,0.71408421,0.769574516,,,
5.57,0.659616841,0.715110207,0.770603573,,,
5.58,0.660636638,0.716132486,0.771628333,,,
5.59,0.661653304,0.717151057,0.77264881,,,
5.6,0.662666847,0.718165932,0.773665017,,,
5.61,0.663677273,0.719177121,0.774676968,,,
5.62,0.664684591,0.720184634,0.775684677,,,
5.63,0.665688808,0.721188482,0.776688156,,,
5.64,0.666689933,0.722188677,0.777687421,,,
5.65,0.667687972,0.723185228,0.778682484,,,
5.66,0.668682935,0.724178147,0.779673359,,,
5.67,0.669674828,0.725167444,0.78066006,,,
5.68,0.67066366,0.72615313,0.781642601,,,
5.69,0.671649438,0.727135217,0.782620995,,,
5.7,0.672632171,0.728113713,0.783595256,,,
5.71,0.673611865,0.729088632,0.784565398,,,
5.72,0.674588529,0.730059982,0.785531435,,,
5.73,0.67556217,0.731027775,0.78649338,,,
5.74,0.676532797,0.731992022,0.787451248,,,
5.75,0.677500417,0.732952734,0.788405051,,,
5.76,0.678465038,0.733909921,0.789354804,,,
5.77,0.679426668,0.734863595,0.790300521,,,
5.78,0.680385315,0.735813765,0.791242215,,,
5.79,0.681340986,0.736760443,0.792179901,,,
5.8,0.682293689,0.73770364,0.793113591,,,
5.81,0.683243432,0.738643366,0.7940433,,,
5.82,0.684190224,0.739579632,0.794969041,,,
5.83,0.685134071,0.74051245,0.795890829,,,
5.84,0.686074982,0.741441829,0.796808676,,,
5.85,0.687012964,0.742367781,0.797722598,,,
5.86,0.687948025,0.743290316,0.798632607,,,
5.87,0.688880173,0.744209445,0.799538717,,,
5.88,0.689809416,0.74512518,0.800440943,,,
5.89,0.690735761,0.74603753,0.801339298,,,
5.9,0.691659217,0.746946506,0.802233795,,,
5.91,0.692579792,0.74785212,0.803124449,,,
5.92,0.693497492,0.748754382,0.804011272,,,
5.93,0.694412326,0.749653303,0.80489428,,,
5.94,0.695324302,0.750548893,0.805773485,,,
5.95,0.696233427,0.751441164,0.806648902,,,
5.96,0.697139709,0.752330126,0.807520543,,,
5.97,0.698043156,0.75321579,0.808388424,,,
5.98,0.698943775,0.754098166,0.809252556,,,
5.99,0.699841576,0.754977265,0.810112955,,,
6,0.700736564,0.755853099,0.810969633,,,
6.01,0.701628749,0.756725677,0.811822605,,,
6.02,0.702518137,0.75759501,0.812671883,,,
6.03,0.703404736,0.75846111,0.813517483,,,
6.04,0.704288555,0.759323986,0.814359416,,,
6.05,0.705169601,0.760183649,0.815197697,,,
6.06,0.706047882,0.76104011,0.816032339,,,
6.07,0.706923405,0.76189338,0.816863356,,,
6.08,0.707796178,0.76274347,0.817690762,,,
6.09,0.708666209,0.763590389,0.818514569,,,
6.1,0.709533505,0.764434148,0.819334792,,,
6.11,0.710398075,0.765274759,0.820151443,,,
6.12,0.711259925,0.766112231,0.820964537,,,
6.13,0.712119064,0.766946575,0.821774086,,,
6.14,0.7129755,0.767777802,0.822580105,,,
6.15,0.713829239,0.768605922,0.823382606,,,
6.16,0.71468029,0.769430946,0.824181603,,,
6.17,0.71552866,0.770252885,0.824977109,,,
6.18,0.716374357,0.771071747,0.825769138,,,
6.19,0.717217389,0.771887546,0.826557703,,,
6.2,0.718057762,0.772700289,0.827342816,,,
6.21,0.718895485,0.773509989,0.828124493,,,
6.22,0.719730566,0.774316655,0.828902745,,,
6.23,0.720563012,0.775120299,0.829677585,,,
6.24,0.72139283,0.775920929,0.830449028,,,
6.25,0.722220028,0.776718557,0.831217086,,,
6.26,0.723044614,0.777513193,0.831981773,,,
6.27,0.723866595,0.778304848,0.832743101,,,
6.28,0.724685978,0.779093531,0.833501083,,,
6.29,0.725502773,0.779879253,0.834255734,,,
6.3,0.726316984,0.780662025,0.835007065,,,
6.31,0.727128622,0.781441855,0.835755089,,,
6.32,0.727937692,0.782218756,0.836499821,,,
6.33,0.728744202,0.782992737,0.837241272,,,
6.34,0.72954816,0.783763808,0.837979455,,,
6.35,0.730349574,0.784531979,0.838714384,,,
6.36,0.73114845,0.785297261,0.839446071,,,
6.37,0.731944797,0.786059663,0.84017453,,,
6.38,0.732738621,0.786819197,0.840899773,,,
6.39,0.73352993,0.787575871,0.841621812,,,
6.4,0.734318732,0.788329697,0.842340661,,,
6.41,0.735105034,0.789080683,0.843056332,,,
6.42,0.735888843,0.789828841,0.843768839,,,
6.43,0.736670166,0.79057418,0.844478193,,,
6.44,0.737449012,0.79131671,0.845184407,,,
6.45,0.738225387,0.792056441,0.845887494,,,
6.46,0.738999299,0.792793383,0.846587467,,,
6.47,0.739770755,0.793527547,0.847284338,,,
6.48,0.740539763,0.794258941,0.84797812,,,
6.49,0.741306329,0.794987577,0.848668824,,,
6.5,0.742070461,0.795713463,0.849356464,,,
6.51,0.742832167,0.79643661,0.850041052,,,
6.52,0.743591453,0.797157027,0.850722601,,,
6.53,0.744348327,0.797874725,0.851401122,,,
6.54,0.745102796,0.798589712,0.852076628,,,
6.55,0.745854868,0.799302,0.852749132,,,
6.56,0.746604549,0.800011597,0.853418645,,,
6.57,0.747351847,0.800718514,0.85408518,,,
6.58,0.748096769,0.801422759,0.854748749,,,
6.59,0.748839322,0.802124343,0.855409364,,,
6.6,0.749579514,0.802823276,0.856067038,,,
6.61,0.75031735,0.803519566,0.856721782,,,
6.62,0.75105284,0.804213224,0.857373609,,,
6.63,0.751785989,0.80490426,0.85802253,,,
6.64,0.752516806,0.805592682,0.858668558,,,
6.65,0.753245296,0.8062785,0.859311704,,,
6.66,0.753971467,0.806961724,0.859951981,,,
6.67,0.754695327,0.807642363,0.8605894,,,
6.68,0.755416881,0.808320427,0.861223973,,,
6.69,0.756136138,0.808995925,0.861855712,,,
6.7,0.756853104,0.809668867,0.86248463,,,
6.71,0.757567787,0.810339262,0.863110736,,,
6.72,0.758280193,0.811007119,0.863734044,,,
6.73,0.758990329,0.811672447,0.864354565,,,
6.74,0.759698203,0.812335257,0.864972311,,,
6.75,0.76040382,0.812995557,0.865587293,,,
6.76,0.761107189,0.813653356,0.866199523,,,
6.77,0.761808316,0.814308664,0.866809012,,,
6.78,0.762507208,0.81496149,0.867415772,,,
6.79,0.763203873,0.815611844,0.868019815,,,
6.8,0.763898316,0.816259734,0.868621152,,,
6.81,0.764590544,0.816905169,0.869219793,,,
6.82,0.765280565,0.817548159,0.869815752,,,
6.83,0.765968386,0.818188712,0.870409038,,,
6.84,0.766654013,0.818826838,0.870999664,,,
6.85,0.767337453,0.819462547,0.87158764,,,
6.86,0.768018713,0.820095846,0.872172978,,,
6.87,0.7686978,0.820726744,0.872755689,,,
6.88,0.76937472,0.821355252,0.873335784,,,
6.89,0.77004948,0.821981377,0.873913274,,,
6.9,0.770722087,0.822605129,0.874488171,,,
6.91,0.771392548,0.823226516,0.875060485,,,
6.92,0.772060869,0.823845548,0.875630227,,,
6.93,0.772727058,0.824462233,0.876197409,,,
6.94,0.77339112,0.82507658,0.876762041,,,
6.95,0.774053062,0.825688598,0.877324134,,,
6.96,0.774712892,0.826298295,0.877883699,,,
6.97,0.775370615,0.826905681,0.878440747,,,
6.98,0.776026239,0.827510764,0.878995289,,,
6.99,0.776679769,0.828113552,0.879547335,,,
7,0.777331213,0.828714055,0.880096897,,,
7.01,0.777980577,0.829312281,0.880643984,,,
7.02,0.778627868,0.829908238,0.881188608,,,
7.03,0.779273092,0.830501936,0.881730779,,,
7.04,0.779916256,0.831093382,0.882270508,,,
7.05,0.780557366,0.831682585,0.882807805,,,
7.06,0.781196428,0.832269554,0.88334268,,,
7.07,0.78183345,0.832854298,0.883875145,,,
7.08,0.782468438,0.833436824,0.88440521,,,
7.09,0.783101397,0.834017141,0.884932884,,,
7.1,0.783732335,0.834595257,0.885458179,,,
7.11,0.784361258,0.835171182,0.885981105,,,
7.12,0.784988173,0.835744922,0.886501671,,,
7.13,0.785613085,0.836316487,0.887019889,,,
7.14,0.786236002,0.836885885,0.887535769,,,
7.15,0.786856928,0.837453124,0.88804932,,,
7.16,0.787475872,0.838018212,0.888560552,,,
7.17,0.788092839,0.838581158,0.889069477,,,
7.18,0.788707835,0.839141969,0.889576103,,,
7.19,0.789320867,0.839700654,0.890080442,,,
7.2,0.789931941,0.840257222,0.890582502,,,
7.21,0.790541063,0.840811679,0.891082294,,,
7.22,0.79114824,0.841364034,0.891579828,,,
7.23,0.791753478,0.841914296,0.892075114,,,
7.24,0.792356782,0.842462472,0.892568162,,,
7.25,0.79295816,0.84300857,0.89305898,,,
7.26,0.793557617,0.843552598,0.89354758,,,
7.27,0.794155159,0.844094565,0.894033971,,,
7.28,0.794750793,0.844634478,0.894518162,,,
7.29,0.795344525,0.845172344,0.895000164,,,
7.3,0.795936361,0.845708173,0.895479985,,,
7.31,0.796526306,0.846241971,0.895957636,,,
7.32,0.797114368,0.846773747,0.896433126,,,
7.33,0.797700552,0.847303508,0.896906464,,,
7.34,0.798284864,0.847831262,0.89737766,,,
7.35,0.79886731,0.848357017,0.897846724,,,
7.36,0.799447897,0.848880781,0.898313665,,,
7.37,0.800026629,0.849402561,0.898778492,,,
7.38,0.800603514,0.849922364,0.899241215,,,
7.39,0.801178557,0.8504402,0.899701842,,,
7.4,0.801751765,0.850956074,0.900160384,,,
7.41,0.802323142,0.851469995,0.900616849,,,
7.42,0.802892695,0.851981971,0.901071247,,,
7.43,0.803460431,0.852492008,0.901523586,,,
7.44,0.804026354,0.853000115,0.901973877,,,
7.45,0.804590471,0.853506299,0.902422127,,,
7.46,0.805152787,0.854010567,0.902868347,,,
7.47,0.805713309,0.854512926,0.903312544,,,
7.48,0.806272042,0.855013385,0.903754729,,,
7.49,0.806828992,0.85551195,0.904194909,,,
7.5,0.807384164,0.85600863,0.904633095,,,
7.51,0.807937566,0.85650343,0.905069294,,,
7.52,0.808489201,0.856996359,0.905503517,,,
7.53,0.809039077,0.857487424,0.90593577,,,
7.54,0.809587199,0.857976631,0.906366064,,,
7.55,0.810133572,0.858463989,0.906794407,,,
7.56,0.810678203,0.858949505,0.907220807,,,
7.57,0.811221096,0.859433185,0.907645274,,,
7.58,0.811762258,0.859915037,0.908067816,,,
7.59,0.812301694,0.860395068,0.908488442,,,
7.6,0.81283941,0.860873285,0.90890716,,,
7.61,0.813375412,0.861349695,0.909323978,,,
7.62,0.813909705,0.861824305,0.909738906,,,
7.63,0.814442294,0.862297123,0.910151951,,,
7.64,0.814973186,0.862768154,0.910563123,,,
7.65,0.815502385,0.863237407,0.910972429,,,
7.66,0.816029898,0.863704888,0.911379878,,,
7.67,0.81655573,0.864170604,0.911785478,,,
7.68,0.817079886,0.864634562,0.912189238,,,
7.69,0.817602372,0.865096769,0.912591166,,,
7.7,0.818123194,0.865557232,0.91299127,,,
7.71,0.818642356,0.866015957,0.913389557,,,
7.72,0.819159864,0.866472951,0.913786038,,,
7.73,0.819675724,0.866928221,0.914180718,,,
7.74,0.820189942,0.867381775,0.914573608,,,
7.75,0.820702522,0.867833618,0.914964714,,,
7.76,0.821213469,0.868283757,0.915354045,,,
7.77,0.82172279,0.868732199,0.915741608,,,
7.78,0.82223049,0.869178951,0.916127412,,,
7.79,0.822736573,0.869624019,0.916511465,,,
7.8,0.823241046,0.87006741,0.916893774,,,
7.81,0.823743913,0.870509131,0.917274348,,,
7.82,0.82424518,0.870949187,0.917653194,,,
7.83,0.824744853,0.871387586,0.91803032,,,
7.84,0.825242935,0.871824334,0.918405733,,,
7.85,0.825739434,0.872259438,0.918779442,,,
7.86,0.826234353,0.872692904,0.919151455,,,
7.87,0.826727698,0.873124738,0.919521778,,,
7.88,0.827219474,0.873554947,0.91989042,,,
7.89,0.827709687,0.873983537,0.920257388,,,
7.9,0.828198342,0.874410516,0.920622689,,,
7.91,0.828685443,0.874835888,0.920986332,,,
7.92,0.829170996,0.87525966,0.921348324,,,
7.93,0.829655006,0.875681839,0.921708672,,,
7.94,0.830137478,0.876102431,0.922067383,,,
7.95,0.830618417,0.876521442,0.922424466,,,
7.96,0.831097829,0.876938878,0.922779927,,,
7.97,0.831575718,0.877354746,0.923133774,,,
7.98,0.832052089,0.877769052,0.923486015,,,
7.99,0.832526948,0.878181802,0.923836655,,,
8,0.833000299,0.878593001,0.924185704,,,
8.01,0.833472147,0.879002657,0.924533167,,,
8.02,0.833942498,0.879410775,0.924879053,,,
8.03,0.834411356,0.879817362,0.925223368,,,
8.04,0.834878726,0.880222423,0.925566119,,,
8.05,0.835344613,0.880625964,0.925907315,,,
8.06,0.835809023,0.881027992,0.92624696,,,
8.07,0.83627196,0.881428512,0.926585064,,,
8.08,0.836733428,0.88182753,0.926921632,,,
8.09,0.837193433,0.882225053,0.927256672,,,
8.1,0.83765198,0.882621085,0.92759019,,,
8.11,0.838109074,0.883015634,0.927922195,,,
8.12,0.838564719,0.883408705,0.928252691,,,
8.13,0.83901892,0.883800303,0.928581687,,,
8.14,0.839471681,0.884190436,0.92890919,,,
8.15,0.839923009,0.884579107,0.929235205,,,
8.16,0.840372907,0.884966324,0.92955974,,,
8.17,0.84082138,0.885352091,0.929882802,,,
8.18,0.841268434,0.885736415,0.930204397,,,
8.19,0.841714072,0.886119302,0.930524532,,,
8.2,0.842158299,0.886500756,0.930843213,,,
8.21,0.842601121,0.886880784,0.931160448,,,
8.22,0.843042541,0.887259392,0.931476243,,,
8.23,0.843482565,0.887636584,0.931790604,,,
8.24,0.843921197,0.888012367,0.932103538,,,
8.25,0.844358441,0.888386747,0.932415052,,,
8.26,0.844794303,0.888759727,0.932725151,,,
8.27,0.845228787,0.889131315,0.933033843,,,
8.28,0.845661898,0.889501516,0.933341135,,,
8.29,0.84609364,0.889870335,0.933647031,,,
8.3,0.846524017,0.890237778,0.933951539,,,
8.31,0.846953035,0.89060385,0.934254665,,,
8.32,0.847380698,0.890968556,0.934556415,,,
8.33,0.847807009,0.891331903,0.934856796,,,
8.34,0.848231975,0.891693895,0.935155814,,,
8.35,0.848655599,0.892054537,0.935453476,,,
8.36,0.849077886,0.892413836,0.935749786,,,
8.37,0.84949884,0.892771796,0.936044752,,,
8.38,0.849918466,0.893128423,0.93633838,,,
8.39,0.850336768,0.893483722,0.936630676,,,
8.4,0.850753751,0.893837698,0.936921645,,,
8.41,0.851169418,0.894190356,0.937211295,,,
8.42,0.851583775,0.894541703,0.93749963,,,
8.43,0.851996826,0.894891742,0.937786658,,,
8.44,0.852408575,0.895240479,0.938072384,,,
8.45,0.852819026,0.89558792,0.938356814,,,
8.46,0.853228184,0.895934069,0.938639954,,,
8.47,0.853636053,0.896278932,0.93892181,,,
8.48,0.854042638,0.896622513,0.939202387,,,
8.49,0.854447943,0.896964818,0.939481692,,,
8.5,0.854851971,0.897305851,0.939759731,,,
8.51,0.855254728,0.897645619,0.940036509,,,
8.52,0.855656217,0.897984125,0.940312032,,,
8.53,0.856056444,0.898321375,0.940586306,,,
8.54,0.856455411,0.898657374,0.940859337,,,
8.55,0.856853123,0.898992127,0.94113113,,,
8.56,0.857249585,0.899325638,0.941401691,,,
8.57,0.857644801,0.899657913,0.941671026,,,
8.58,0.858038774,0.899988957,0.941939139,,,
8.59,0.858431509,0.900318774,0.942206038,,,
8.6,0.858823011,0.900647369,0.942471727,,,
8.61,0.859213282,0.900974747,0.942736212,,,
8.62,0.859602328,0.901300914,0.942999499,,,
8.63,0.859990153,0.901625873,0.943261593,,,
8.64,0.860376759,0.901949629,0.943522499,,,
8.65,0.860762153,0.902272188,0.943782224,,,
8.66,0.861146337,0.902593554,0.944040771,,,
8.67,0.861529316,0.902913732,0.944298148,,,
8.68,0.861911094,0.903232726,0.944554359,,,
8.69,0.862291675,0.903550542,0.944809409,,,
8.7,0.862671062,0.903867183,0.945063305,,,
8.71,0.86304926,0.904182655,0.94531605,,,
8.72,0.863426274,0.904496962,0.945567651,,,
8.73,0.863802105,0.904810109,0.945818113,,,
8.74,0.86417676,0.9051221,0.946067441,,,
8.75,0.864550241,0.905432941,0.94631564,,,
8.76,0.864922553,0.905742634,0.946562715,,,
8.77,0.8652937,0.906051186,0.946808672,,,
8.78,0.865663685,0.9063586,0.947053516,,,
8.79,0.866032512,0.906664882,0.947297252,,,
8.8,0.866400185,0.906970035,0.947539885,,,
8.81,0.866766709,0.907274064,0.947781419,,,
8.82,0.867132086,0.907576974,0.948021861,,,
8.83,0.867496322,0.907878768,0.948261215,,,
8.84,0.867859419,0.908179452,0.948499486,,,
8.85,0.868221381,0.90847903,0.948736679,,,
8.86,0.868582213,0.908777506,0.948972799,,,
8.87,0.868941918,0.909074885,0.949207852,,,
8.88,0.869300499,0.90937117,0.949441841,,,
8.89,0.869657961,0.909666367,0.949674772,,,
8.9,0.870014308,0.909960479,0.949906649,,,
8.91,0.870369543,0.910253511,0.950137479,,,
8.92,0.870723669,0.910545467,0.950367264,,,
8.93,0.871076691,0.910836351,0.950596011,,,
8.94,0.871428612,0.911126168,0.950823724,,,
8.95,0.871779437,0.911414922,0.951050407,,,
8.96,0.872129167,0.911702617,0.951276066,,,
8.97,0.872477809,0.911989257,0.951500705,,,
8.98,0.872825364,0.912274846,0.951724329,,,
8.99,0.873171836,0.91255939,0.951946943,,,
9,0.87351723,0.91284289,0.95216855,,,
9.01,0.873861549,0.913125353,0.952389157,,,
9.02,0.874204796,0.913406782,0.952608767,,,
9.03,0.874546976,0.91368718,0.952827385,,,
9.04,0.874888091,0.913966553,0.953045016,,,
9.05,0.875228145,0.914244904,0.953261663,,,
9.06,0.875567142,0.914522237,0.953477333,,,
9.07,0.875905085,0.914798557,0.953692029,,,
9.08,0.876241978,0.915073867,0.953905755,,,
9.09,0.876577825,0.915348171,0.954118516,,,
9.1,0.876912628,0.915621473,0.954330317,,,
9.11,0.877246392,0.915893777,0.954541162,,,
9.12,0.87757912,0.916165088,0.954751056,,,
9.13,0.877910815,0.916435408,0.954960002,,,
9.14,0.878241481,0.916704743,0.955168006,,,
9.15,0.878571121,0.916973096,0.955375071,,,
9.16,0.878899739,0.91724047,0.955581201,,,
9.17,0.879227338,0.91750687,0.955786402,,,
9.18,0.879553921,0.917772299,0.955990677,,,
9.19,0.879879493,0.918036762,0.956194031,,,
9.2,0.880204056,0.918300262,0.956396468,,,
9.21,0.880527614,0.918562803,0.956597992,,,
9.22,0.88085017,0.918824389,0.956798608,,,
9.23,0.881171727,0.919085023,0.956998319,,,
9.24,0.881492289,0.919344709,0.957197129,,,
9.25,0.88181186,0.919603452,0.957395044,,,
9.26,0.882130442,0.919861254,0.957592066,,,
9.27,0.882448038,0.920118119,0.957788201,,,
9.28,0.882764653,0.920374052,0.957983451,,,
9.29,0.88308029,0.920629056,0.958177822,,,
9.3,0.883394951,0.920883134,0.958371317,,,
9.31,0.88370864,0.92113629,0.958563941,,,
9.32,0.88402136,0.921388528,0.958755697,,,
9.33,0.884333115,0.921639852,0.958946589,,,
9.34,0.884643907,0.921890264,0.959136621,,,
9.35,0.884953741,0.922139769,0.959325798,,,
9.36,0.885262618,0.922388371,0.959514123,,,
9.37,0.885570543,0.922636072,0.9597016,,,
9.38,0.885877519,0.922882876,0.959888234,,,
9.39,0.886183548,0.923128787,0.960074027,,,
9.4,0.886488634,0.923373809,0.960258984,,,
9.41,0.886792781,0.923617944,0.960443108,,,
9.42,0.88709599,0.923861197,0.960626404,,,
9.43,0.887398266,0.924103571,0.960808875,,,
9.44,0.887699612,0.924345069,0.960990526,,,
9.45,0.88800003,0.924585695,0.961171359,,,
9.46,0.888299524,0.924825451,0.961351379,,,
9.47,0.888598096,0.925064343,0.961530589,,,
9.48,0.888895751,0.925302372,0.961708994,,,
9.49,0.889192491,0.925539543,0.961886596,,,
9.5,0.889488318,0.925775859,0.9620634,,,
9.51,0.889783237,0.926011323,0.962239408,,,
9.52,0.89007725,0.926245938,0.962414626,,,
9.53,0.89037036,0.926479708,0.962589056,,,
9.54,0.890662571,0.926712637,0.962762703,,,
9.55,0.890953884,0.926944726,0.962935569,,,
9.56,0.891244304,0.927175981,0.963107658,,,
9.57,0.891533833,0.927406404,0.963278974,,,
9.58,0.891822475,0.927635998,0.96344952,,,
9.59,0.892110231,0.927864766,0.963619301,,,
9.6,0.892397106,0.928092712,0.963788319,,,
9.61,0.892683102,0.92831984,0.963956578,,,
9.62,0.892968221,0.928546152,0.964124082,,,
9.63,0.893252468,0.928771651,0.964290833,,,
9.64,0.893535845,0.92899634,0.964456836,,,
9.65,0.893818355,0.929220224,0.964622094,,,
9.66,0.8941,0.929443305,0.96478661,,,
9.67,0.894380784,0.929665585,0.964950387,,,
9.68,0.894660709,0.92988707,0.96511343,,,
9.69,0.894939779,0.93010776,0.965275741,,,
9.7,0.895217996,0.93032766,0.965437325,,,
9.71,0.895495363,0.930546773,0.965598183,,,
9.72,0.895771883,0.930765101,0.96575832,,,
9.73,0.896047558,0.930982648,0.965917738,,,
9.74,0.896322392,0.931199417,0.966076442,,,
9.75,0.896596388,0.931415411,0.966234434,,,
9.76,0.896869548,0.931630633,0.966391718,,,
9.77,0.897141875,0.931845086,0.966548297,,,
9.78,0.897413371,0.932058773,0.966704174,,,
9.79,0.89768404,0.932271696,0.966859352,,,
9.8,0.897953885,0.93248386,0.967013835,,,
9.81,0.898222907,0.932695267,0.967167626,,,
9.82,0.898491111,0.932905919,0.967320728,,,
9.83,0.898758498,0.933115821,0.967473144,,,
9.84,0.899025071,0.933324974,0.967624877,,,
9.85,0.899290833,0.933533382,0.967775931,,,
9.86,0.899555787,0.933741047,0.967926308,,,
9.87,0.899819935,0.933947973,0.968076012,,,
9.88,0.90008328,0.934154163,0.968225046,,,
9.89,0.900345825,0.934359619,0.968373412,,,
9.9,0.900607573,0.934564344,0.968521114,,,
9.91,0.900868525,0.93476834,0.968668156,,,
9.92,0.901128686,0.934971612,0.968814539,,,
9.93,0.901388056,0.935174162,0.968960267,,,
9.94,0.90164664,0.935375992,0.969105343,,,
9.95,0.90190444,0.935577105,0.969249771,,,
9.96,0.902161457,0.935777505,0.969393552,,,
9.97,0.902417696,0.935977193,0.96953669,,,
9.98,0.902673158,0.936176173,0.969679188,,,
9.99,0.902927846,0.936374447,0.969821048,,,
10,0.903181763,0.936572019,0.969962275,,,
