<?xml version="1.0" encoding="UTF-8"?>
<nrml xmlns="http://openquake.org/xmlns/nrml/0.5">
	<fragilityModel id="Reese_et_al_2011" assetCategory="buildings" lossCategory="structural">
		<description>De Risi et al. 2017b Table 4 http://dx.doi.org/10.1016/j.earscirev.2016.12.015</description>
		<limitStates>DS2_Minor DS3_Moderate DS4_Major DS5_Complete DS6_Collapse_DS7_Wash_Away</limitStates>
		<fragilityFunction id="W" format="continuous" shape="logncdf">
			<imls imt="v_tsi" noDamageLimit="0.00" minIML="0.0" maxIML="10.0"/>
			<params ls="DS2_Minor" mean="0.00" stddev="4.50"/>
			<params ls="DS3_Moderate" mean="0.27" stddev="1.42"/>
			<params ls="DS4_Major" mean="1.03" stddev="0.76"/>
			<params ls="DS5_Complete" mean="2.04" stddev="0.40"/>
			<params ls="DS6_Collapse_DS7_Wash_Away" mean="2.09" stddev="0.41"/>
		</fragilityFunction>
		<fragilityFunction id="M99" format="continuous" shape="logncdf">
			<imls imt="v_tsi" noDamageLimit="0.00" minIML="0.0" maxIML="10.0"/>
			<params ls="DS2_Minor" mean="0.01" stddev="4.25"/>
			<params ls="DS3_Moderate" mean="0.21" stddev="1.56"/>
			<params ls="DS4_Major" mean="1.20" stddev="0.63"/>
			<params ls="DS5_Complete" mean="2.52" stddev="0.40"/>
			<params ls="DS6_Collapse_DS7_Wash_Away" mean="2.99" stddev="0.53"/>
		</fragilityFunction>
		<fragilityFunction id="S" format="continuous" shape="logncdf">
			<imls imt="v_tsi" noDamageLimit="0.00" minIML="0.0" maxIML="10.0"/>
			<params ls="DS2_Minor" mean="0.00" stddev="4.50"/>
			<params ls="DS3_Moderate" mean="0.14" stddev="1.82"/>
			<params ls="DS4_Major" mean="1.15" stddev="0.60"/>
			<params ls="DS5_Complete" mean="2.15" stddev="0.47"/>
			<params ls="DS6_Collapse_DS7_Wash_Away" mean="3.37" stddev="0.75"/>
		</fragilityFunction>
		<fragilityFunction id="CR" format="continuous" shape="logncdf">
			<imls imt="v_tsi" noDamageLimit="0.00" minIML="0.0" maxIML="10.0"/>
			<params ls="DS2_Minor" mean="0.00" stddev="4.50"/>
			<params ls="DS3_Moderate" mean="0.21" stddev="1.54"/>
			<params ls="DS4_Major" mean="1.28" stddev="0.68"/>
			<params ls="DS5_Complete" mean="2.72" stddev="0.61"/>
			<params ls="DS6_Collapse_DS7_Wash_Away" mean="6.65" stddev="0.97"/>
		</fragilityFunction>
	</fragilityModel>
</nrml>
