<?xml version="1.0" encoding="UTF-8"?>
<nrml xmlns="http://openquake.org/xmlns/nrml/0.5">
	<fragilityModel id="Reese_et_al_2011" assetCategory="buildings" lossCategory="structural">
		<description>Reese et al. 2011 Table 6 DOI:10.1016/j.earscirev.2011.01.009</description>
		<limitStates>DS1_Light DS2_Minor DS3_Moderate DS4_Severe DS5_Collapse</limitStates>
		<fragilityFunction id="Generic" format="continuous" shape="logncdf">
			<imls imt="d_tsi" noDamageLimit="0.00" minIML="0.0" maxIML="18.0"/>
			<params ls="DS1_Light" mean="0.29" stddev="0.43"/>
			<params ls="DS2_Minor" mean="0.48" stddev="0.49"/>
			<params ls="DS3_Moderate" mean="1.23" stddev="0.58"/>
			<params ls="DS4_Severe" mean="1.84" stddev="0.62"/>
			<params ls="DS5_Collapse" mean="2.77" stddev="0.55"/>
		</fragilityFunction>
		<fragilityFunction id="Masonry_residential" format="continuous" shape="logncdf">
			<imls imt="d_tsi" noDamageLimit="0.00" minIML="0.0" maxIML="18.0"/>
			<params ls="DS1_Light" mean="0.29" stddev="0.46"/>
			<params ls="DS2_Minor" mean="0.46" stddev="0.40"/>
			<params ls="DS3_Moderate" mean="1.28" stddev="0.35"/>
			<params ls="DS4_Severe" mean="1.86" stddev="0.41"/>
			<params ls="DS5_Collapse" mean="2.49" stddev="0.40"/>
		</fragilityFunction>
		<fragilityFunction id="Shielded_masonry_residential" format="continuous" shape="logncdf">
			<imls imt="d_tsi" noDamageLimit="0.00" minIML="0.0" maxIML="18.0"/>
			<params ls="DS3_Moderate" mean="1.39" stddev="0.37"/>
			<params ls="DS4_Severe" mean="3.11" stddev="0.49"/>
			<params ls="DS5_Collapse" mean="3.89" stddev="0.56"/>
		</fragilityFunction>
		<fragilityFunction id="Unshielded_masonry_residential" format="continuous" shape="logncdf">
			<imls imt="d_tsi" noDamageLimit="0.00" minIML="0.0" maxIML="18.0"/>
			<params ls="DS3_Moderate" mean="1.16" stddev="0.36"/>
			<params ls="DS4_Severe" mean="1.43" stddev="0.40"/>
			<params ls="DS5_Collapse" mean="2.25" stddev="0.42"/>
		</fragilityFunction>
		<fragilityFunction id="Debris_masonry_residential" format="continuous" shape="logncdf">
			<imls imt="d_tsi" noDamageLimit="0.00" minIML="0.0" maxIML="18.0"/>
			<params ls="DS3_Moderate" mean="0.92" stddev="0.36"/>
			<params ls="DS4_Severe" mean="1.43" stddev="0.32"/>
		</fragilityFunction>
		<fragilityFunction id="No_debris_masonry_residential" format="continuous" shape="logncdf">
			<imls imt="d_tsi" noDamageLimit="0.00" minIML="0.0" maxIML="18.0"/>
			<params ls="DS3_Moderate" mean="1.38" stddev="0.32"/>
			<params ls="DS4_Severe" mean="1.95" stddev="0.40"/>
		</fragilityFunction>
		<fragilityFunction id="Reinforced_concrete_residential" format="continuous" shape="logncdf">
			<imls imt="d_tsi" noDamageLimit="0.00" minIML="0.0" maxIML="18.0"/>
			<params ls="DS3_Moderate" mean="1.38" stddev="0.56"/>
			<params ls="DS4_Severe" mean="3.45" stddev="0.54"/>
			<params ls="DS5_Collapse" mean="7.3" stddev="0.94"/>
		</fragilityFunction>
		<fragilityFunction id="Timber_residential" format="continuous" shape="logncdf">
			<imls imt="d_tsi" noDamageLimit="0.00" minIML="0.0" maxIML="18.0"/>
			<params ls="DS3_Moderate" mean="1.15" stddev="0.38"/>
			<params ls="DS4_Severe" mean="1.26" stddev="0.4"/>
			<params ls="DS5_Collapse" mean="1.62" stddev="0.28"/>
		</fragilityFunction>
	</fragilityModel>
</nrml>
